date,v.name,v.score,h.name,h.score
Tue Oct 27 2015,Detroit Pistons,106,Atlanta Hawks,94
Tue Oct 27 2015,Cleveland Cavaliers,95,Chicago Bulls,97
Tue Oct 27 2015,New Orleans Pelicans,95,Golden State Warriors,111
Wed Oct 28 2015,Philadelphia 76ers,95,Boston Celtics,112
Wed Oct 28 2015,Chicago Bulls,115,Brooklyn Nets,100
Wed Oct 28 2015,Utah Jazz,87,Detroit Pistons,92
Wed Oct 28 2015,Denver Nuggets,105,Houston Rockets,85
Wed Oct 28 2015,Minnesota Timberwolves,112,Los Angeles Lakers,111
Wed Oct 28 2015,Cleveland Cavaliers,106,Memphis Grizzlies,76
Wed Oct 28 2015,Charlotte Hornets,94,Miami Heat,104
Wed Oct 28 2015,New York Knicks,122,Milwaukee Bucks,97
Wed Oct 28 2015,San Antonio Spurs,106,Oklahoma City Thunder,112
Wed Oct 28 2015,Washington Wizards,88,Orlando Magic,87
Wed Oct 28 2015,Dallas Mavericks,111,Phoenix Suns,95
Wed Oct 28 2015,New Orleans Pelicans,94,Portland Trail Blazers,112
Wed Oct 28 2015,Los Angeles Clippers,111,Sacramento Kings,104
Wed Oct 28 2015,Indiana Pacers,99,Toronto Raptors,106
Thu Oct 29 2015,Memphis Grizzlies,112,Indiana Pacers,103
Thu Oct 29 2015,Dallas Mavericks,88,Los Angeles Clippers,104
Thu Oct 29 2015,Atlanta Hawks,112,New York Knicks,101
Fri Oct 30 2015,Charlotte Hornets,94,Atlanta Hawks,97
Fri Oct 30 2015,Toronto Raptors,113,Boston Celtics,103
Fri Oct 30 2015,Miami Heat,92,Cleveland Cavaliers,102
Fri Oct 30 2015,Minnesota Timberwolves,95,Denver Nuggets,78
Fri Oct 30 2015,Chicago Bulls,94,Detroit Pistons,98
Fri Oct 30 2015,Golden State Warriors,112,Houston Rockets,92
Fri Oct 30 2015,Washington Wizards,118,Milwaukee Bucks,113
Fri Oct 30 2015,Oklahoma City Thunder,139,Orlando Magic,136
Fri Oct 30 2015,Utah Jazz,99,Philadelphia 76ers,71
Fri Oct 30 2015,Portland Trail Blazers,92,Phoenix Suns,110
Fri Oct 30 2015,Los Angeles Lakers,114,Sacramento Kings,132
Fri Oct 30 2015,Brooklyn Nets,75,San Antonio Spurs,102
Sat Oct 31 2015,Utah Jazz,97,Indiana Pacers,76
Sat Oct 31 2015,Sacramento Kings,109,Los Angeles Clippers,114
Sat Oct 31 2015,Brooklyn Nets,91,Memphis Grizzlies,101
Sat Oct 31 2015,Golden State Warriors,134,New Orleans Pelicans,120
Sat Oct 31 2015,Phoenix Suns,101,Portland Trail Blazers,90
Sat Oct 31 2015,New York Knicks,117,Washington Wizards,110
Sun Nov 1 2015,San Antonio Spurs,95,Boston Celtics,87
Sun Nov 1 2015,Orlando Magic,87,Chicago Bulls,92
Sun Nov 1 2015,Atlanta Hawks,94,Charlotte Hornets,92
Sun Nov 1 2015,Dallas Mavericks,103,Los Angeles Lakers,93
Sun Nov 1 2015,Houston Rockets,89,Miami Heat,109
Sun Nov 1 2015,Denver Nuggets,93,Oklahoma City Thunder,117
Sun Nov 1 2015,Milwaukee Bucks,87,Toronto Raptors,106
Mon Nov 2 2015,Milwaukee Bucks,103,Brooklyn Nets,96
Mon Nov 2 2015,Memphis Grizzlies,69,Golden State Warriors,119
Mon Nov 2 2015,Oklahoma City Thunder,105,Houston Rockets,110
Mon Nov 2 2015,Phoenix Suns,96,Los Angeles Clippers,102
Mon Nov 2 2015,Portland Trail Blazers,106,Minnesota Timberwolves,101
Mon Nov 2 2015,San Antonio Spurs,94,New York Knicks,84
Mon Nov 2 2015,Cleveland Cavaliers,107,Philadelphia 76ers,100
Tue Nov 3 2015,Chicago Bulls,105,Charlotte Hornets,130
Tue Nov 3 2015,Toronto Raptors,102,Dallas Mavericks,91
Tue Nov 3 2015,Indiana Pacers,94,Detroit Pistons,82
Tue Nov 3 2015,Denver Nuggets,120,Los Angeles Lakers,109
Tue Nov 3 2015,Atlanta Hawks,98,Miami Heat,92
Tue Nov 3 2015,Orlando Magic,103,New Orleans Pelicans,94
Tue Nov 3 2015,Memphis Grizzlies,103,Sacramento Kings,89
Wed Nov 4 2015,Brooklyn Nets,87,Atlanta Hawks,101
Wed Nov 4 2015,New York Knicks,86,Cleveland Cavaliers,96
Wed Nov 4 2015,Los Angeles Clippers,108,Golden State Warriors,112
Wed Nov 4 2015,Orlando Magic,114,Houston Rockets,119
Wed Nov 4 2015,Boston Celtics,98,Indiana Pacers,100
Wed Nov 4 2015,Philadelphia 76ers,87,Milwaukee Bucks,91
Wed Nov 4 2015,Toronto Raptors,103,Oklahoma City Thunder,98
Wed Nov 4 2015,Sacramento Kings,97,Phoenix Suns,118
Wed Nov 4 2015,Portland Trail Blazers,108,Utah Jazz,92
Wed Nov 4 2015,San Antonio Spurs,99,Washington Wizards,102
Thu Nov 5 2015,Oklahoma City Thunder,98,Chicago Bulls,104
Thu Nov 5 2015,Charlotte Hornets,108,Dallas Mavericks,94
Thu Nov 5 2015,Utah Jazz,96,Denver Nuggets,84
Thu Nov 5 2015,Miami Heat,96,Minnesota Timberwolves,84
Thu Nov 5 2015,Memphis Grizzlies,96,Portland Trail Blazers,115
Fri Nov 6 2015,Washington Wizards,98,Boston Celtics,118
Fri Nov 6 2015,Los Angeles Lakers,104,Brooklyn Nets,98
Fri Nov 6 2015,Philadelphia 76ers,102,Cleveland Cavaliers,108
Fri Nov 6 2015,Denver Nuggets,104,Golden State Warriors,119
Fri Nov 6 2015,Miami Heat,87,Indiana Pacers,90
Fri Nov 6 2015,Atlanta Hawks,121,New Orleans Pelicans,115
Fri Nov 6 2015,Milwaukee Bucks,99,New York Knicks,92
Fri Nov 6 2015,Toronto Raptors,87,Orlando Magic,92
Fri Nov 6 2015,Detroit Pistons,100,Phoenix Suns,92
Fri Nov 6 2015,Houston Rockets,116,Sacramento Kings,110
Sat Nov 7 2015,Washington Wizards,99,Atlanta Hawks,114
Sat Nov 7 2015,Minnesota Timberwolves,102,Chicago Bulls,93
Sat Nov 7 2015,New Orleans Pelicans,98,Dallas Mavericks,107
Sat Nov 7 2015,Houston Rockets,109,Los Angeles Clippers,105
Sat Nov 7 2015,Brooklyn Nets,86,Milwaukee Bucks,94
Sat Nov 7 2015,Orlando Magic,105,Philadelphia 76ers,97
Sat Nov 7 2015,Golden State Warriors,103,Sacramento Kings,94
Sat Nov 7 2015,Charlotte Hornets,94,San Antonio Spurs,114
Sat Nov 7 2015,Memphis Grizzlies,79,Utah Jazz,89
Sun Nov 8 2015,Indiana Pacers,97,Cleveland Cavaliers,101
Sun Nov 8 2015,Toronto Raptors,76,Miami Heat,96
Sun Nov 8 2015,Los Angeles Lakers,95,New York Knicks,99
Sun Nov 8 2015,Phoenix Suns,103,Oklahoma City Thunder,124
Sun Nov 8 2015,Detroit Pistons,120,Portland Trail Blazers,103
Mon Nov 9 2015,Minnesota Timberwolves,117,Atlanta Hawks,107
Mon Nov 9 2015,Portland Trail Blazers,104,Denver Nuggets,108
Mon Nov 9 2015,Detroit Pistons,95,Golden State Warriors,109
Mon Nov 9 2015,Orlando Magic,84,Indiana Pacers,97
Mon Nov 9 2015,Memphis Grizzlies,92,Los Angeles Clippers,94
Mon Nov 9 2015,Chicago Bulls,111,Philadelphia 76ers,88
Mon Nov 9 2015,San Antonio Spurs,106,Sacramento Kings,88
Tue Nov 10 2015,Utah Jazz,114,Cleveland Cavaliers,118
Tue Nov 10 2015,Los Angeles Lakers,88,Miami Heat,101
Tue Nov 10 2015,Boston Celtics,99,Milwaukee Bucks,83
Tue Nov 10 2015,Charlotte Hornets,104,Minnesota Timberwolves,95
Tue Nov 10 2015,Dallas Mavericks,105,New Orleans Pelicans,120
Tue Nov 10 2015,New York Knicks,111,Toronto Raptors,109
Tue Nov 10 2015,Oklahoma City Thunder,125,Washington Wizards,101
Wed Nov 11 2015,New Orleans Pelicans,98,Atlanta Hawks,106
Wed Nov 11 2015,Indiana Pacers,102,Boston Celtics,91
Wed Nov 11 2015,New York Knicks,93,Charlotte Hornets,95
Wed Nov 11 2015,Los Angeles Clippers,108,Dallas Mavericks,118
Wed Nov 11 2015,Milwaukee Bucks,102,Denver Nuggets,103
Wed Nov 11 2015,Brooklyn Nets,106,Houston Rockets,98
Wed Nov 11 2015,Golden State Warriors,100,Memphis Grizzlies,84
Wed Nov 11 2015,Los Angeles Lakers,99,Orlando Magic,101
Wed Nov 11 2015,Toronto Raptors,119,Philadelphia 76ers,103
Wed Nov 11 2015,San Antonio Spurs,113,Portland Trail Blazers,101
Wed Nov 11 2015,Detroit Pistons,92,Sacramento Kings,101
Thu Nov 12 2015,Utah Jazz,91,Miami Heat,92
Thu Nov 12 2015,Golden State Warriors,129,Minnesota Timberwolves,116
Thu Nov 12 2015,Los Angeles Clippers,104,Phoenix Suns,118
Fri Nov 13 2015,Atlanta Hawks,93,Boston Celtics,106
Fri Nov 13 2015,Charlotte Hornets,97,Chicago Bulls,102
Fri Nov 13 2015,Los Angeles Lakers,82,Dallas Mavericks,90
Fri Nov 13 2015,Houston Rockets,98,Denver Nuggets,107
Fri Nov 13 2015,Minnesota Timberwolves,103,Indiana Pacers,107
Fri Nov 13 2015,Portland Trail Blazers,100,Memphis Grizzlies,101
Fri Nov 13 2015,Cleveland Cavaliers,90,New York Knicks,84
Fri Nov 13 2015,Philadelphia 76ers,85,Oklahoma City Thunder,102
Fri Nov 13 2015,Utah Jazz,93,Orlando Magic,102
Fri Nov 13 2015,Brooklyn Nets,109,Sacramento Kings,111
Fri Nov 13 2015,New Orleans Pelicans,81,Toronto Raptors,100
Sat Nov 14 2015,Brooklyn Nets,99,Golden State Warriors,107
Sat Nov 14 2015,Dallas Mavericks,110,Houston Rockets,98
Sat Nov 14 2015,Detroit Pistons,96,Los Angeles Clippers,101
Sat Nov 14 2015,Cleveland Cavaliers,105,Milwaukee Bucks,108
Sat Nov 14 2015,Denver Nuggets,81,Phoenix Suns,105
Sat Nov 14 2015,Philadelphia 76ers,83,San Antonio Spurs,92
Sat Nov 14 2015,Orlando Magic,99,Washington Wizards,108
Sun Nov 15 2015,Utah Jazz,97,Atlanta Hawks,96
Sun Nov 15 2015,Portland Trail Blazers,94,Charlotte Hornets,106
Sun Nov 15 2015,Detroit Pistons,85,Los Angeles Lakers,97
Sun Nov 15 2015,Memphis Grizzlies,114,Minnesota Timberwolves,106
Sun Nov 15 2015,New Orleans Pelicans,87,New York Knicks,95
Sun Nov 15 2015,Boston Celtics,100,Oklahoma City Thunder,85
Sun Nov 15 2015,Toronto Raptors,101,Sacramento Kings,107
Mon Nov 16 2015,Indiana Pacers,95,Chicago Bulls,96
Mon Nov 16 2015,Boston Celtics,111,Houston Rockets,95
Mon Nov 16 2015,Oklahoma City Thunder,114,Memphis Grizzlies,122
Mon Nov 16 2015,Dallas Mavericks,92,Philadelphia 76ers,86
Mon Nov 16 2015,Los Angeles Lakers,101,Phoenix Suns,120
Mon Nov 16 2015,Portland Trail Blazers,80,San Antonio Spurs,93
Tue Nov 17 2015,Atlanta Hawks,88,Brooklyn Nets,90
Tue Nov 17 2015,Cleveland Cavaliers,99,Detroit Pistons,104
Tue Nov 17 2015,Toronto Raptors,110,Golden State Warriors,115
Tue Nov 17 2015,Minnesota Timberwolves,103,Miami Heat,91
Tue Nov 17 2015,Denver Nuggets,115,New Orleans Pelicans,98
Tue Nov 17 2015,Charlotte Hornets,94,New York Knicks,102
Tue Nov 17 2015,Milwaukee Bucks,86,Washington Wizards,115
Wed Nov 18 2015,Sacramento Kings,97,Atlanta Hawks,103
Wed Nov 18 2015,Dallas Mavericks,106,Boston Celtics,102
Wed Nov 18 2015,Brooklyn Nets,111,Charlotte Hornets,116
Wed Nov 18 2015,Portland Trail Blazers,103,Houston Rockets,108
Wed Nov 18 2015,New Orleans Pelicans,103,Oklahoma City Thunder,110
Wed Nov 18 2015,Minnesota Timberwolves,101,Orlando Magic,104
Wed Nov 18 2015,Indiana Pacers,112,Philadelphia 76ers,85
Wed Nov 18 2015,Chicago Bulls,103,Phoenix Suns,97
Wed Nov 18 2015,Denver Nuggets,98,San Antonio Spurs,109
Wed Nov 18 2015,Toronto Raptors,89,Utah Jazz,93
Thu Nov 19 2015,Milwaukee Bucks,100,Cleveland Cavaliers,115
Thu Nov 19 2015,Golden State Warriors,124,Los Angeles Clippers,117
Thu Nov 19 2015,Sacramento Kings,109,Miami Heat,116
Fri Nov 20 2015,Brooklyn Nets,95,Boston Celtics,120
Fri Nov 20 2015,Philadelphia 76ers,88,Charlotte Hornets,113
Fri Nov 20 2015,Utah Jazz,93,Dallas Mavericks,102
Fri Nov 20 2015,Phoenix Suns,114,Denver Nuggets,107
Fri Nov 20 2015,Chicago Bulls,94,Golden State Warriors,106
Fri Nov 20 2015,Toronto Raptors,102,Los Angeles Lakers,91
Fri Nov 20 2015,Houston Rockets,84,Memphis Grizzlies,96
Fri Nov 20 2015,Detroit Pistons,96,Minnesota Timberwolves,86
Fri Nov 20 2015,San Antonio Spurs,90,New Orleans Pelicans,104
Fri Nov 20 2015,New York Knicks,93,Oklahoma City Thunder,90
Fri Nov 20 2015,Los Angeles Clippers,91,Portland Trail Blazers,102
Sat Nov 21 2015,Atlanta Hawks,97,Cleveland Cavaliers,109
Sat Nov 21 2015,Washington Wizards,97,Detroit Pistons,95
Sat Nov 21 2015,New York Knicks,107,Houston Rockets,102
Sat Nov 21 2015,Milwaukee Bucks,86,Indiana Pacers,123
Sat Nov 21 2015,Philadelphia 76ers,91,Miami Heat,96
Sat Nov 21 2015,Sacramento Kings,97,Orlando Magic,91
Sat Nov 21 2015,Memphis Grizzlies,82,San Antonio Spurs,92
Sun Nov 22 2015,Boston Celtics,101,Brooklyn Nets,111
Sun Nov 22 2015,Golden State Warriors,118,Denver Nuggets,105
Sun Nov 22 2015,Toronto Raptors,91,Los Angeles Clippers,80
Sun Nov 22 2015,Portland Trail Blazers,107,Los Angeles Lakers,93
Sun Nov 22 2015,Phoenix Suns,116,New Orleans Pelicans,122
Sun Nov 22 2015,Dallas Mavericks,114,Oklahoma City Thunder,117
Mon Nov 23 2015,Sacramento Kings,122,Charlotte Hornets,127
Mon Nov 23 2015,Orlando Magic,103,Cleveland Cavaliers,117
Mon Nov 23 2015,New York Knicks,78,Miami Heat,95
Mon Nov 23 2015,Detroit Pistons,88,Milwaukee Bucks,109
Mon Nov 23 2015,Philadelphia 76ers,95,Minnesota Timberwolves,100
Mon Nov 23 2015,Phoenix Suns,84,San Antonio Spurs,98
Mon Nov 23 2015,Oklahoma City Thunder,111,Utah Jazz,89
Tue Nov 24 2015,Boston Celtics,97,Atlanta Hawks,121
Tue Nov 24 2015,Los Angeles Clippers,111,Denver Nuggets,94
Tue Nov 24 2015,Los Angeles Lakers,77,Golden State Warriors,111
Tue Nov 24 2015,Dallas Mavericks,96,Memphis Grizzlies,110
Tue Nov 24 2015,Chicago Bulls,93,Portland Trail Blazers,88
Tue Nov 24 2015,Indiana Pacers,123,Washington Wizards,106
Wed Nov 25 2015,Philadelphia 76ers,80,Boston Celtics,84
Wed Nov 25 2015,Washington Wizards,87,Charlotte Hornets,101
Wed Nov 25 2015,Miami Heat,81,Detroit Pistons,104
Wed Nov 25 2015,Memphis Grizzlies,102,Houston Rockets,93
Wed Nov 25 2015,Utah Jazz,102,Los Angeles Clippers,91
Wed Nov 25 2015,Sacramento Kings,129,Milwaukee Bucks,118
Wed Nov 25 2015,Atlanta Hawks,95,Minnesota Timberwolves,99
Wed Nov 25 2015,Brooklyn Nets,99,Oklahoma City Thunder,110
Wed Nov 25 2015,New York Knicks,91,Orlando Magic,100
Wed Nov 25 2015,New Orleans Pelicans,120,Phoenix Suns,114
Wed Nov 25 2015,Dallas Mavericks,83,San Antonio Spurs,88
Wed Nov 25 2015,Cleveland Cavaliers,99,Toronto Raptors,103
Fri Nov 27 2015,Washington Wizards,78,Boston Celtics,111
Fri Nov 27 2015,Cleveland Cavaliers,95,Charlotte Hornets,90
Fri Nov 27 2015,San Antonio Spurs,91,Denver Nuggets,80
Fri Nov 27 2015,Philadelphia 76ers,114,Houston Rockets,116
Fri Nov 27 2015,Chicago Bulls,92,Indiana Pacers,104
Fri Nov 27 2015,New Orleans Pelicans,90,Los Angeles Clippers,111
Fri Nov 27 2015,Atlanta Hawks,116,Memphis Grizzlies,101
Fri Nov 27 2015,Miami Heat,97,New York Knicks,78
Fri Nov 27 2015,Detroit Pistons,87,Oklahoma City Thunder,103
Fri Nov 27 2015,Milwaukee Bucks,90,Orlando Magic,114
Fri Nov 27 2015,Golden State Warriors,135,Phoenix Suns,116
Fri Nov 27 2015,Minnesota Timberwolves,101,Sacramento Kings,91
Sat Nov 28 2015,Brooklyn Nets,88,Cleveland Cavaliers,90
Sat Nov 28 2015,Denver Nuggets,81,Dallas Mavericks,92
Sat Nov 28 2015,Sacramento Kings,101,Golden State Warriors,120
Sat Nov 28 2015,Los Angeles Lakers,96,Portland Trail Blazers,108
Sat Nov 28 2015,Atlanta Hawks,88,San Antonio Spurs,108
Sat Nov 28 2015,New Orleans Pelicans,87,Utah Jazz,101
Sat Nov 28 2015,Toronto Raptors,84,Washington Wizards,82
Sun Nov 29 2015,Detroit Pistons,83,Brooklyn Nets,87
Sun Nov 29 2015,Milwaukee Bucks,82,Charlotte Hornets,87
Sun Nov 29 2015,Minnesota Timberwolves,99,Los Angeles Clippers,107
Sun Nov 29 2015,Indiana Pacers,107,Los Angeles Lakers,103
Sun Nov 29 2015,Philadelphia 76ers,84,Memphis Grizzlies,92
Sun Nov 29 2015,Houston Rockets,116,New York Knicks,111
Sun Nov 29 2015,Boston Celtics,91,Orlando Magic,110
Sun Nov 29 2015,Phoenix Suns,107,Toronto Raptors,102
Mon Nov 30 2015,Oklahoma City Thunder,100,Atlanta Hawks,106
Mon Nov 30 2015,San Antonio Spurs,89,Chicago Bulls,92
Mon Nov 30 2015,Houston Rockets,105,Detroit Pistons,116
Mon Nov 30 2015,Portland Trail Blazers,87,Los Angeles Clippers,102
Mon Nov 30 2015,Boston Celtics,105,Miami Heat,95
Mon Nov 30 2015,Denver Nuggets,74,Milwaukee Bucks,92
Mon Nov 30 2015,Dallas Mavericks,98,Sacramento Kings,112
Mon Nov 30 2015,Golden State Warriors,106,Utah Jazz,103
Tue Dec 1 2015,Phoenix Suns,91,Brooklyn Nets,94
Tue Dec 1 2015,Washington Wizards,97,Cleveland Cavaliers,85
Tue Dec 1 2015,Orlando Magic,96,Minnesota Timberwolves,93
Tue Dec 1 2015,Memphis Grizzlies,113,New Orleans Pelicans,104
Tue Dec 1 2015,Los Angeles Lakers,91,Philadelphia 76ers,103
Tue Dec 1 2015,Dallas Mavericks,115,Portland Trail Blazers,112
Wed Dec 2 2015,Toronto Raptors,96,Atlanta Hawks,86
Wed Dec 2 2015,Denver Nuggets,90,Chicago Bulls,99
Wed Dec 2 2015,Golden State Warriors,116,Charlotte Hornets,99
Wed Dec 2 2015,Phoenix Suns,122,Detroit Pistons,127
Wed Dec 2 2015,New Orleans Pelicans,101,Houston Rockets,108
Wed Dec 2 2015,Indiana Pacers,103,Los Angeles Clippers,91
Wed Dec 2 2015,Philadelphia 76ers,87,New York Knicks,99
Wed Dec 2 2015,Milwaukee Bucks,70,San Antonio Spurs,95
Wed Dec 2 2015,Los Angeles Lakers,108,Washington Wizards,104
Thu Dec 3 2015,San Antonio Spurs,103,Memphis Grizzlies,83
Thu Dec 3 2015,Oklahoma City Thunder,95,Miami Heat,97
Thu Dec 3 2015,Indiana Pacers,111,Portland Trail Blazers,123
Thu Dec 3 2015,Boston Celtics,114,Sacramento Kings,97
Thu Dec 3 2015,Denver Nuggets,106,Toronto Raptors,105
Thu Dec 3 2015,Orlando Magic,103,Utah Jazz,94
Fri Dec 4 2015,Los Angeles Lakers,87,Atlanta Hawks,100
Fri Dec 4 2015,Houston Rockets,100,Dallas Mavericks,96
Fri Dec 4 2015,Milwaukee Bucks,95,Detroit Pistons,102
Fri Dec 4 2015,Cleveland Cavaliers,108,New Orleans Pelicans,114
Fri Dec 4 2015,Brooklyn Nets,91,New York Knicks,108
Fri Dec 4 2015,Phoenix Suns,106,Washington Wizards,109
Sat Dec 5 2015,Charlotte Hornets,102,Chicago Bulls,96
Sat Dec 5 2015,Sacramento Kings,113,Houston Rockets,120
Sat Dec 5 2015,Orlando Magic,101,Los Angeles Clippers,103
Sat Dec 5 2015,Cleveland Cavaliers,84,Miami Heat,99
Sat Dec 5 2015,New York Knicks,91,Milwaukee Bucks,106
Sat Dec 5 2015,Portland Trail Blazers,109,Minnesota Timberwolves,103
Sat Dec 5 2015,Denver Nuggets,108,Philadelphia 76ers,105
Sat Dec 5 2015,Boston Celtics,105,San Antonio Spurs,108
Sat Dec 5 2015,Golden State Warriors,112,Toronto Raptors,109
Sat Dec 5 2015,Indiana Pacers,119,Utah Jazz,122
Sun Dec 6 2015,Golden State Warriors,114,Brooklyn Nets,98
Sun Dec 6 2015,Los Angeles Lakers,91,Detroit Pistons,111
Sun Dec 6 2015,Phoenix Suns,93,Memphis Grizzlies,95
Sun Dec 6 2015,Sacramento Kings,95,Oklahoma City Thunder,98
Sun Dec 6 2015,Dallas Mavericks,116,Washington Wizards,104
Mon Dec 7 2015,Phoenix Suns,103,Chicago Bulls,101
Mon Dec 7 2015,Detroit Pistons,84,Charlotte Hornets,104
Mon Dec 7 2015,Washington Wizards,114,Miami Heat,103
Mon Dec 7 2015,Portland Trail Blazers,88,Milwaukee Bucks,90
Mon Dec 7 2015,Los Angeles Clippers,110,Minnesota Timberwolves,106
Mon Dec 7 2015,Boston Celtics,111,New Orleans Pelicans,93
Mon Dec 7 2015,Dallas Mavericks,104,New York Knicks,97
Mon Dec 7 2015,San Antonio Spurs,119,Philadelphia 76ers,68
Mon Dec 7 2015,Los Angeles Lakers,93,Toronto Raptors,102
Tue Dec 8 2015,Houston Rockets,105,Brooklyn Nets,110
Tue Dec 8 2015,Portland Trail Blazers,100,Cleveland Cavaliers,105
Tue Dec 8 2015,Orlando Magic,85,Denver Nuggets,74
Tue Dec 8 2015,Golden State Warriors,131,Indiana Pacers,123
Tue Dec 8 2015,Oklahoma City Thunder,125,Memphis Grizzlies,88
Tue Dec 8 2015,Utah Jazz,106,Sacramento Kings,114
Wed Dec 9 2015,Chicago Bulls,100,Boston Celtics,105
Wed Dec 9 2015,Miami Heat,81,Charlotte Hornets,99
Wed Dec 9 2015,Atlanta Hawks,98,Dallas Mavericks,95
Wed Dec 9 2015,Memphis Grizzlies,93,Detroit Pistons,92
Wed Dec 9 2015,Los Angeles Clippers,109,Milwaukee Bucks,95
Wed Dec 9 2015,Los Angeles Lakers,122,Minnesota Timberwolves,123
Wed Dec 9 2015,Orlando Magic,104,Phoenix Suns,107
Wed Dec 9 2015,San Antonio Spurs,94,Toronto Raptors,97
Wed Dec 9 2015,New York Knicks,85,Utah Jazz,106
Wed Dec 9 2015,Houston Rockets,109,Washington Wizards,103
Thu Dec 10 2015,Philadelphia 76ers,91,Brooklyn Nets,100
Thu Dec 10 2015,Los Angeles Clippers,80,Chicago Bulls,83
Thu Dec 10 2015,Atlanta Hawks,94,Oklahoma City Thunder,107
Thu Dec 10 2015,New York Knicks,97,Sacramento Kings,99
Fri Dec 11 2015,Golden State Warriors,124,Boston Celtics,119
Fri Dec 11 2015,Minnesota Timberwolves,108,Denver Nuggets,111
Fri Dec 11 2015,Miami Heat,83,Indiana Pacers,96
Fri Dec 11 2015,Charlotte Hornets,123,Memphis Grizzlies,99
Fri Dec 11 2015,Washington Wizards,105,New Orleans Pelicans,107
Fri Dec 11 2015,Cleveland Cavaliers,111,Orlando Magic,76
Fri Dec 11 2015,Detroit Pistons,107,Philadelphia 76ers,95
Fri Dec 11 2015,Portland Trail Blazers,106,Phoenix Suns,96
Fri Dec 11 2015,Los Angeles Lakers,87,San Antonio Spurs,109
Fri Dec 11 2015,Milwaukee Bucks,83,Toronto Raptors,90
Fri Dec 11 2015,Oklahoma City Thunder,94,Utah Jazz,90
Sat Dec 12 2015,San Antonio Spurs,103,Atlanta Hawks,78
Sat Dec 12 2015,Los Angeles Clippers,105,Brooklyn Nets,100
Sat Dec 12 2015,New Orleans Pelicans,94,Chicago Bulls,98
Sat Dec 12 2015,Boston Celtics,98,Charlotte Hornets,93
Sat Dec 12 2015,Washington Wizards,114,Dallas Mavericks,111
Sat Dec 12 2015,Indiana Pacers,96,Detroit Pistons,118
Sat Dec 12 2015,Los Angeles Lakers,97,Houston Rockets,126
Sat Dec 12 2015,Golden State Warriors,95,Milwaukee Bucks,108
Sat Dec 12 2015,New York Knicks,112,Portland Trail Blazers,110
Sun Dec 13 2015,Memphis Grizzlies,97,Miami Heat,100
Sun Dec 13 2015,Utah Jazz,98,Oklahoma City Thunder,104
Sun Dec 13 2015,Minnesota Timberwolves,101,Phoenix Suns,108
Sun Dec 13 2015,Philadelphia 76ers,76,Toronto Raptors,96
Mon Dec 14 2015,Miami Heat,100,Atlanta Hawks,88
Mon Dec 14 2015,Orlando Magic,105,Brooklyn Nets,82
Mon Dec 14 2015,Philadelphia 76ers,96,Chicago Bulls,115
Mon Dec 14 2015,Phoenix Suns,94,Dallas Mavericks,104
Mon Dec 14 2015,Houston Rockets,108,Denver Nuggets,114
Mon Dec 14 2015,Los Angeles Clippers,105,Detroit Pistons,103
Mon Dec 14 2015,Toronto Raptors,90,Indiana Pacers,106
Mon Dec 14 2015,Washington Wizards,95,Memphis Grizzlies,112
Mon Dec 14 2015,New Orleans Pelicans,101,Portland Trail Blazers,105
Mon Dec 14 2015,Utah Jazz,81,San Antonio Spurs,118
Tue Dec 15 2015,Cleveland Cavaliers,89,Boston Celtics,77
Tue Dec 15 2015,Milwaukee Bucks,95,Los Angeles Lakers,113
Tue Dec 15 2015,Denver Nuggets,112,Minnesota Timberwolves,100
Tue Dec 15 2015,Houston Rockets,97,Sacramento Kings,107
Wed Dec 16 2015,Philadelphia 76ers,106,Atlanta Hawks,127
Wed Dec 16 2015,Miami Heat,104,Brooklyn Nets,98
Wed Dec 16 2015,Memphis Grizzlies,85,Chicago Bulls,98
Wed Dec 16 2015,Boston Celtics,116,Detroit Pistons,119
Wed Dec 16 2015,Phoenix Suns,103,Golden State Warriors,128
Wed Dec 16 2015,Dallas Mavericks,81,Indiana Pacers,107
Wed Dec 16 2015,Milwaukee Bucks,90,Los Angeles Clippers,103
Wed Dec 16 2015,Minnesota Timberwolves,102,New York Knicks,107
Wed Dec 16 2015,Portland Trail Blazers,90,Oklahoma City Thunder,106
Wed Dec 16 2015,Charlotte Hornets,98,Orlando Magic,113
Wed Dec 16 2015,Washington Wizards,95,San Antonio Spurs,114
Wed Dec 16 2015,New Orleans Pelicans,104,Utah Jazz,94
Thu Dec 17 2015,Toronto Raptors,99,Charlotte Hornets,109
Thu Dec 17 2015,Oklahoma City Thunder,100,Cleveland Cavaliers,104
Thu Dec 17 2015,Houston Rockets,107,Los Angeles Lakers,87
Fri Dec 18 2015,Atlanta Hawks,109,Boston Celtics,101
Fri Dec 18 2015,Detroit Pistons,147,Chicago Bulls,144
Fri Dec 18 2015,Memphis Grizzlies,88,Dallas Mavericks,97
Fri Dec 18 2015,Milwaukee Bucks,112,Golden State Warriors,121
Fri Dec 18 2015,Brooklyn Nets,97,Indiana Pacers,104
Fri Dec 18 2015,Toronto Raptors,108,Miami Heat,94
Fri Dec 18 2015,Sacramento Kings,95,Minnesota Timberwolves,99
Fri Dec 18 2015,Portland Trail Blazers,94,Orlando Magic,102
Fri Dec 18 2015,New York Knicks,107,Philadelphia 76ers,97
Fri Dec 18 2015,New Orleans Pelicans,88,Phoenix Suns,104
Fri Dec 18 2015,Los Angeles Clippers,107,San Antonio Spurs,115
Fri Dec 18 2015,Denver Nuggets,88,Utah Jazz,97
Sat Dec 19 2015,Los Angeles Clippers,97,Houston Rockets,107
Sat Dec 19 2015,Indiana Pacers,84,Memphis Grizzlies,96
Sat Dec 19 2015,Chicago Bulls,91,New York Knicks,107
Sat Dec 19 2015,Los Angeles Lakers,78,Oklahoma City Thunder,118
Sat Dec 19 2015,Charlotte Hornets,101,Washington Wizards,109
Sun Dec 20 2015,Minnesota Timberwolves,100,Brooklyn Nets,85
Sun Dec 20 2015,Philadelphia 76ers,86,Cleveland Cavaliers,108
Sun Dec 20 2015,New Orleans Pelicans,130,Denver Nuggets,125
Sun Dec 20 2015,Portland Trail Blazers,109,Miami Heat,116
Sun Dec 20 2015,Atlanta Hawks,103,Orlando Magic,100
Sun Dec 20 2015,Milwaukee Bucks,101,Phoenix Suns,95
Sun Dec 20 2015,Sacramento Kings,104,Toronto Raptors,94
Mon Dec 21 2015,Portland Trail Blazers,97,Atlanta Hawks,106
Mon Dec 21 2015,Minnesota Timberwolves,99,Boston Celtics,113
Mon Dec 21 2015,Brooklyn Nets,105,Chicago Bulls,102
Mon Dec 21 2015,Charlotte Hornets,95,Houston Rockets,102
Mon Dec 21 2015,Oklahoma City Thunder,100,Los Angeles Clippers,99
Mon Dec 21 2015,Orlando Magic,107,New York Knicks,99
Mon Dec 21 2015,Indiana Pacers,92,San Antonio Spurs,106
Mon Dec 21 2015,Phoenix Suns,89,Utah Jazz,110
Mon Dec 21 2015,Sacramento Kings,99,Washington Wizards,113
Tue Dec 22 2015,Los Angeles Lakers,111,Denver Nuggets,107
Tue Dec 22 2015,Detroit Pistons,93,Miami Heat,92
Tue Dec 22 2015,Memphis Grizzlies,104,Philadelphia 76ers,90
Tue Dec 22 2015,Dallas Mavericks,99,Toronto Raptors,103
Wed Dec 23 2015,Detroit Pistons,100,Atlanta Hawks,107
Wed Dec 23 2015,Dallas Mavericks,119,Brooklyn Nets,118
Wed Dec 23 2015,Boston Celtics,102,Charlotte Hornets,89
Wed Dec 23 2015,New York Knicks,84,Cleveland Cavaliers,91
Wed Dec 23 2015,Utah Jazz,85,Golden State Warriors,103
Wed Dec 23 2015,Sacramento Kings,108,Indiana Pacers,106
Wed Dec 23 2015,Oklahoma City Thunder,120,Los Angeles Lakers,85
Wed Dec 23 2015,Philadelphia 76ers,100,Milwaukee Bucks,113
Wed Dec 23 2015,San Antonio Spurs,108,Minnesota Timberwolves,83
Wed Dec 23 2015,Portland Trail Blazers,89,New Orleans Pelicans,115
Wed Dec 23 2015,Houston Rockets,101,Orlando Magic,104
Wed Dec 23 2015,Denver Nuggets,104,Phoenix Suns,96
Wed Dec 23 2015,Memphis Grizzlies,91,Washington Wizards,100
Fri Dec 25 2015,Cleveland Cavaliers,83,Golden State Warriors,89
Fri Dec 25 2015,San Antonio Spurs,84,Houston Rockets,88
Fri Dec 25 2015,Los Angeles Clippers,94,Los Angeles Lakers,84
Fri Dec 25 2015,New Orleans Pelicans,88,Miami Heat,94
Fri Dec 25 2015,Chicago Bulls,105,Oklahoma City Thunder,96
Sat Dec 26 2015,New York Knicks,98,Atlanta Hawks,117
Sat Dec 26 2015,Washington Wizards,111,Brooklyn Nets,96
Sat Dec 26 2015,Memphis Grizzlies,92,Charlotte Hornets,98
Sat Dec 26 2015,Chicago Bulls,111,Dallas Mavericks,118
Sat Dec 26 2015,Boston Celtics,99,Detroit Pistons,93
Sat Dec 26 2015,Toronto Raptors,111,Milwaukee Bucks,90
Sat Dec 26 2015,Indiana Pacers,102,Minnesota Timberwolves,88
Sat Dec 26 2015,Houston Rockets,108,New Orleans Pelicans,110
Sat Dec 26 2015,Miami Heat,108,Orlando Magic,101
Sat Dec 26 2015,Philadelphia 76ers,111,Phoenix Suns,104
Sat Dec 26 2015,Cleveland Cavaliers,76,Portland Trail Blazers,105
Sat Dec 26 2015,Denver Nuggets,86,San Antonio Spurs,101
Sat Dec 26 2015,Los Angeles Clippers,109,Utah Jazz,104
Sun Dec 27 2015,New York Knicks,91,Boston Celtics,100
Sun Dec 27 2015,Los Angeles Lakers,96,Memphis Grizzlies,112
Sun Dec 27 2015,Denver Nuggets,112,Oklahoma City Thunder,122
Sun Dec 27 2015,Portland Trail Blazers,98,Sacramento Kings,94
Mon Dec 28 2015,Toronto Raptors,97,Chicago Bulls,104
Mon Dec 28 2015,Los Angeles Lakers,98,Charlotte Hornets,108
Mon Dec 28 2015,Milwaukee Bucks,93,Dallas Mavericks,103
Mon Dec 28 2015,Sacramento Kings,103,Golden State Warriors,122
Mon Dec 28 2015,Atlanta Hawks,87,Indiana Pacers,93
Mon Dec 28 2015,Brooklyn Nets,111,Miami Heat,105
Mon Dec 28 2015,New Orleans Pelicans,89,Orlando Magic,104
Mon Dec 28 2015,Cleveland Cavaliers,101,Phoenix Suns,97
Mon Dec 28 2015,Minnesota Timberwolves,95,San Antonio Spurs,101
Mon Dec 28 2015,Philadelphia 76ers,91,Utah Jazz,95
Mon Dec 28 2015,Los Angeles Clippers,108,Washington Wizards,91
Tue Dec 29 2015,Cleveland Cavaliers,93,Denver Nuggets,87
Tue Dec 29 2015,Atlanta Hawks,121,Houston Rockets,115
Tue Dec 29 2015,Miami Heat,90,Memphis Grizzlies,99
Tue Dec 29 2015,Detroit Pistons,96,New York Knicks,108
Tue Dec 29 2015,Milwaukee Bucks,123,Oklahoma City Thunder,131
Wed Dec 30 2015,Los Angeles Lakers,112,Boston Celtics,104
Wed Dec 30 2015,Indiana Pacers,100,Chicago Bulls,102
Wed Dec 30 2015,Los Angeles Clippers,122,Charlotte Hornets,117
Wed Dec 30 2015,Golden State Warriors,91,Dallas Mavericks,114
Wed Dec 30 2015,Utah Jazz,80,Minnesota Timberwolves,94
Wed Dec 30 2015,Brooklyn Nets,93,Orlando Magic,100
Wed Dec 30 2015,Denver Nuggets,103,Portland Trail Blazers,110
Wed Dec 30 2015,Philadelphia 76ers,110,Sacramento Kings,105
Wed Dec 30 2015,Phoenix Suns,79,San Antonio Spurs,112
Wed Dec 30 2015,Washington Wizards,91,Toronto Raptors,94
Thu Dec 31 2015,Minnesota Timberwolves,90,Detroit Pistons,115
Thu Dec 31 2015,Golden State Warriors,114,Houston Rockets,110
Thu Dec 31 2015,Milwaukee Bucks,120,Indiana Pacers,116
Thu Dec 31 2015,Los Angeles Clippers,95,New Orleans Pelicans,89
Thu Dec 31 2015,Phoenix Suns,106,Oklahoma City Thunder,110
Thu Dec 31 2015,Portland Trail Blazers,96,Utah Jazz,109
Fri Jan 1 2016,New York Knicks,81,Chicago Bulls,108
Fri Jan 1 2016,Philadelphia 76ers,84,Los Angeles Lakers,93
Fri Jan 1 2016,Dallas Mavericks,82,Miami Heat,106
Fri Jan 1 2016,Charlotte Hornets,94,Toronto Raptors,104
Fri Jan 1 2016,Orlando Magic,91,Washington Wizards,103
Sat Jan 2 2016,Brooklyn Nets,100,Boston Celtics,97
Sat Jan 2 2016,Oklahoma City Thunder,109,Charlotte Hornets,90
Sat Jan 2 2016,Orlando Magic,79,Cleveland Cavaliers,104
Sat Jan 2 2016,New Orleans Pelicans,105,Dallas Mavericks,98
Sat Jan 2 2016,Denver Nuggets,108,Golden State Warriors,111
Sat Jan 2 2016,Detroit Pistons,82,Indiana Pacers,94
Sat Jan 2 2016,Philadelphia 76ers,99,Los Angeles Clippers,130
Sat Jan 2 2016,Milwaukee Bucks,95,Minnesota Timberwolves,85
Sat Jan 2 2016,Phoenix Suns,119,Sacramento Kings,142
Sat Jan 2 2016,Houston Rockets,103,San Antonio Spurs,121
Sat Jan 2 2016,Memphis Grizzlies,87,Utah Jazz,92
Sun Jan 3 2016,Portland Trail Blazers,112,Denver Nuggets,106
Sun Jan 3 2016,Phoenix Suns,77,Los Angeles Lakers,97
Sun Jan 3 2016,Atlanta Hawks,97,New York Knicks,111
Sun Jan 3 2016,Chicago Bulls,115,Toronto Raptors,113
Sun Jan 3 2016,Miami Heat,97,Washington Wizards,75
Mon Jan 4 2016,Boston Celtics,103,Brooklyn Nets,94
Mon Jan 4 2016,Toronto Raptors,100,Cleveland Cavaliers,122
Mon Jan 4 2016,Orlando Magic,89,Detroit Pistons,115
Mon Jan 4 2016,Charlotte Hornets,101,Golden State Warriors,111
Mon Jan 4 2016,Indiana Pacers,100,Miami Heat,103
Mon Jan 4 2016,San Antonio Spurs,123,Milwaukee Bucks,98
Mon Jan 4 2016,Sacramento Kings,116,Oklahoma City Thunder,104
Mon Jan 4 2016,Minnesota Timberwolves,99,Philadelphia 76ers,109
Mon Jan 4 2016,Memphis Grizzlies,91,Portland Trail Blazers,78
Mon Jan 4 2016,Houston Rockets,93,Utah Jazz,91
Tue Jan 5 2016,New York Knicks,107,Atlanta Hawks,101
Tue Jan 5 2016,Milwaukee Bucks,106,Chicago Bulls,117
Tue Jan 5 2016,Sacramento Kings,116,Dallas Mavericks,117
Tue Jan 5 2016,Golden State Warriors,109,Los Angeles Lakers,88
Wed Jan 6 2016,Detroit Pistons,99,Boston Celtics,94
Wed Jan 6 2016,Toronto Raptors,91,Brooklyn Nets,74
Wed Jan 6 2016,New York Knicks,98,Miami Heat,90
Wed Jan 6 2016,Denver Nuggets,78,Minnesota Timberwolves,74
Wed Jan 6 2016,Dallas Mavericks,100,New Orleans Pelicans,91
Wed Jan 6 2016,Memphis Grizzlies,94,Oklahoma City Thunder,112
Wed Jan 6 2016,Indiana Pacers,95,Orlando Magic,86
Wed Jan 6 2016,Charlotte Hornets,102,Phoenix Suns,111
Wed Jan 6 2016,Los Angeles Clippers,109,Portland Trail Blazers,98
Wed Jan 6 2016,Utah Jazz,98,San Antonio Spurs,123
Wed Jan 6 2016,Cleveland Cavaliers,121,Washington Wizards,115
Thu Jan 7 2016,Boston Celtics,92,Chicago Bulls,101
Thu Jan 7 2016,Utah Jazz,94,Houston Rockets,103
Thu Jan 7 2016,Atlanta Hawks,126,Philadelphia 76ers,98
Thu Jan 7 2016,Los Angeles Lakers,115,Sacramento Kings,118
Fri Jan 8 2016,Orlando Magic,83,Brooklyn Nets,77
Fri Jan 8 2016,Oklahoma City Thunder,117,Los Angeles Lakers,113
Fri Jan 8 2016,Denver Nuggets,84,Memphis Grizzlies,91
Fri Jan 8 2016,Dallas Mavericks,95,Milwaukee Bucks,96
Fri Jan 8 2016,Cleveland Cavaliers,125,Minnesota Timberwolves,99
Fri Jan 8 2016,Indiana Pacers,91,New Orleans Pelicans,86
Fri Jan 8 2016,Miami Heat,103,Phoenix Suns,95
Fri Jan 8 2016,Golden State Warriors,128,Portland Trail Blazers,108
Fri Jan 8 2016,New York Knicks,99,San Antonio Spurs,100
Fri Jan 8 2016,Toronto Raptors,97,Washington Wizards,88
Sat Jan 9 2016,Chicago Bulls,105,Atlanta Hawks,120
Sat Jan 9 2016,Brooklyn Nets,89,Detroit Pistons,103
Sat Jan 9 2016,Charlotte Hornets,83,Los Angeles Clippers,97
Sat Jan 9 2016,Washington Wizards,105,Orlando Magic,99
Sat Jan 9 2016,Toronto Raptors,108,Philadelphia 76ers,95
Sat Jan 9 2016,Golden State Warriors,128,Sacramento Kings,116
Sat Jan 9 2016,Miami Heat,83,Utah Jazz,98
Sun Jan 10 2016,Charlotte Hornets,92,Denver Nuggets,95
Sun Jan 10 2016,Indiana Pacers,103,Houston Rockets,107
Sun Jan 10 2016,New Orleans Pelicans,111,Los Angeles Clippers,114
Sun Jan 10 2016,Utah Jazz,86,Los Angeles Lakers,74
Sun Jan 10 2016,Boston Celtics,98,Memphis Grizzlies,101
Sun Jan 10 2016,Dallas Mavericks,93,Minnesota Timberwolves,87
Sun Jan 10 2016,Milwaukee Bucks,88,New York Knicks,100
Sun Jan 10 2016,Cleveland Cavaliers,95,Philadelphia 76ers,85
Sun Jan 10 2016,Oklahoma City Thunder,110,Portland Trail Blazers,115
Mon Jan 11 2016,San Antonio Spurs,106,Brooklyn Nets,79
Mon Jan 11 2016,Washington Wizards,114,Chicago Bulls,100
Mon Jan 11 2016,Miami Heat,103,Golden State Warriors,111
Tue Jan 12 2016,Cleveland Cavaliers,110,Dallas Mavericks,107
Tue Jan 12 2016,San Antonio Spurs,109,Detroit Pistons,99
Tue Jan 12 2016,Phoenix Suns,97,Indiana Pacers,116
Tue Jan 12 2016,New Orleans Pelicans,91,Los Angeles Lakers,95
Tue Jan 12 2016,Houston Rockets,107,Memphis Grizzlies,91
Tue Jan 12 2016,Chicago Bulls,101,Milwaukee Bucks,106
Tue Jan 12 2016,Oklahoma City Thunder,101,Minnesota Timberwolves,96
Tue Jan 12 2016,Boston Celtics,114,New York Knicks,120
Wed Jan 13 2016,Indiana Pacers,94,Boston Celtics,103
Wed Jan 13 2016,New York Knicks,104,Brooklyn Nets,110
Wed Jan 13 2016,Atlanta Hawks,84,Charlotte Hornets,107
Wed Jan 13 2016,Golden State Warriors,110,Denver Nuggets,112
Wed Jan 13 2016,Minnesota Timberwolves,104,Houston Rockets,107
Wed Jan 13 2016,Miami Heat,90,Los Angeles Clippers,104
Wed Jan 13 2016,Dallas Mavericks,89,Oklahoma City Thunder,108
Wed Jan 13 2016,Utah Jazz,85,Portland Trail Blazers,99
Wed Jan 13 2016,New Orleans Pelicans,109,Sacramento Kings,97
Wed Jan 13 2016,Milwaukee Bucks,101,Washington Wizards,106
Thu Jan 14 2016,Los Angeles Lakers,98,Golden State Warriors,116
Thu Jan 14 2016,Detroit Pistons,101,Memphis Grizzlies,103
Thu Jan 14 2016,Toronto Raptors,106,Orlando Magic,103
Thu Jan 14 2016,Chicago Bulls,115,Philadelphia 76ers,111
Thu Jan 14 2016,Cleveland Cavaliers,95,San Antonio Spurs,99
Thu Jan 14 2016,Sacramento Kings,103,Utah Jazz,101
Fri Jan 15 2016,Phoenix Suns,103,Boston Celtics,117
Fri Jan 15 2016,Portland Trail Blazers,116,Brooklyn Nets,104
Fri Jan 15 2016,Dallas Mavericks,83,Chicago Bulls,77
Fri Jan 15 2016,Miami Heat,98,Denver Nuggets,95
Fri Jan 15 2016,Cleveland Cavaliers,91,Houston Rockets,77
Fri Jan 15 2016,Washington Wizards,118,Indiana Pacers,104
Fri Jan 15 2016,Atlanta Hawks,101,Milwaukee Bucks,108
Fri Jan 15 2016,Charlotte Hornets,107,New Orleans Pelicans,109
Fri Jan 15 2016,Minnesota Timberwolves,93,Oklahoma City Thunder,113
Sat Jan 16 2016,Brooklyn Nets,86,Atlanta Hawks,114
Sat Jan 16 2016,Milwaukee Bucks,105,Charlotte Hornets,92
Sat Jan 16 2016,Golden State Warriors,95,Detroit Pistons,113
Sat Jan 16 2016,Sacramento Kings,110,Los Angeles Clippers,103
Sat Jan 16 2016,New York Knicks,95,Memphis Grizzlies,103
Sat Jan 16 2016,Portland Trail Blazers,89,Philadelphia 76ers,114
Sat Jan 16 2016,Los Angeles Lakers,82,Utah Jazz,109
Sat Jan 16 2016,Boston Celtics,119,Washington Wizards,117
Sun Jan 17 2016,Indiana Pacers,126,Denver Nuggets,129
Sun Jan 17 2016,Houston Rockets,112,Los Angeles Lakers,95
Sun Jan 17 2016,Phoenix Suns,87,Minnesota Timberwolves,117
Sun Jan 17 2016,Miami Heat,74,Oklahoma City Thunder,99
Sun Jan 17 2016,Dallas Mavericks,83,San Antonio Spurs,112
Mon Jan 18 2016,Orlando Magic,81,Atlanta Hawks,98
Mon Jan 18 2016,Utah Jazz,119,Charlotte Hornets,124
Mon Jan 18 2016,Golden State Warriors,132,Cleveland Cavaliers,98
Mon Jan 18 2016,Boston Celtics,113,Dallas Mavericks,118
Mon Jan 18 2016,Chicago Bulls,111,Detroit Pistons,101
Mon Jan 18 2016,Houston Rockets,132,Los Angeles Clippers,140
Mon Jan 18 2016,New Orleans Pelicans,99,Memphis Grizzlies,101
Mon Jan 18 2016,Philadelphia 76ers,113,New York Knicks,119
Mon Jan 18 2016,Brooklyn Nets,100,Toronto Raptors,112
Mon Jan 18 2016,Portland Trail Blazers,108,Washington Wizards,98
Tue Jan 19 2016,Oklahoma City Thunder,110,Denver Nuggets,104
Tue Jan 19 2016,Milwaukee Bucks,91,Miami Heat,79
Tue Jan 19 2016,Minnesota Timberwolves,99,New Orleans Pelicans,114
Tue Jan 19 2016,Indiana Pacers,97,Phoenix Suns,94
Wed Jan 20 2016,Cleveland Cavaliers,91,Brooklyn Nets,78
Wed Jan 20 2016,Golden State Warriors,125,Chicago Bulls,94
Wed Jan 20 2016,Minnesota Timberwolves,94,Dallas Mavericks,106
Wed Jan 20 2016,Detroit Pistons,123,Houston Rockets,114
Wed Jan 20 2016,Sacramento Kings,112,Los Angeles Lakers,93
Wed Jan 20 2016,Utah Jazz,111,New York Knicks,118
Wed Jan 20 2016,Charlotte Hornets,95,Oklahoma City Thunder,109
Wed Jan 20 2016,Philadelphia 76ers,96,Orlando Magic,87
Wed Jan 20 2016,Atlanta Hawks,104,Portland Trail Blazers,98
Wed Jan 20 2016,Boston Celtics,109,Toronto Raptors,115
Wed Jan 20 2016,Miami Heat,87,Washington Wizards,106
Thu Jan 21 2016,Los Angeles Clippers,102,Cleveland Cavaliers,115
Thu Jan 21 2016,Memphis Grizzlies,102,Denver Nuggets,101
Thu Jan 21 2016,Detroit Pistons,99,New Orleans Pelicans,115
Thu Jan 21 2016,San Antonio Spurs,117,Phoenix Suns,89
Thu Jan 21 2016,Atlanta Hawks,88,Sacramento Kings,91
Fri Jan 22 2016,Chicago Bulls,101,Boston Celtics,110
Fri Jan 22 2016,Utah Jazz,108,Brooklyn Nets,86
Fri Jan 22 2016,Oklahoma City Thunder,109,Dallas Mavericks,106
Fri Jan 22 2016,Indiana Pacers,110,Golden State Warriors,122
Fri Jan 22 2016,Milwaukee Bucks,98,Houston Rockets,102
Fri Jan 22 2016,San Antonio Spurs,108,Los Angeles Lakers,95
Fri Jan 22 2016,Los Angeles Clippers,116,New York Knicks,88
Fri Jan 22 2016,Charlotte Hornets,120,Orlando Magic,116
Fri Jan 22 2016,Miami Heat,81,Toronto Raptors,101
Sat Jan 23 2016,New York Knicks,84,Charlotte Hornets,97
Sat Jan 23 2016,Chicago Bulls,96,Cleveland Cavaliers,83
Sat Jan 23 2016,Detroit Pistons,101,Denver Nuggets,104
Sat Jan 23 2016,Memphis Grizzlies,101,Minnesota Timberwolves,106
Sat Jan 23 2016,Milwaukee Bucks,99,New Orleans Pelicans,116
Sat Jan 23 2016,Atlanta Hawks,95,Phoenix Suns,98
Sat Jan 23 2016,Los Angeles Lakers,103,Portland Trail Blazers,121
Sat Jan 23 2016,Indiana Pacers,97,Sacramento Kings,108
Sun Jan 24 2016,Oklahoma City Thunder,106,Brooklyn Nets,116
Sun Jan 24 2016,Dallas Mavericks,104,Houston Rockets,115
Sun Jan 24 2016,Boston Celtics,112,Philadelphia 76ers,92
Sun Jan 24 2016,Los Angeles Clippers,94,Toronto Raptors,112
Mon Jan 25 2016,Miami Heat,89,Chicago Bulls,84
Mon Jan 25 2016,Minnesota Timberwolves,107,Cleveland Cavaliers,114
Mon Jan 25 2016,Atlanta Hawks,119,Denver Nuggets,105
Mon Jan 25 2016,San Antonio Spurs,90,Golden State Warriors,120
Mon Jan 25 2016,Orlando Magic,102,Memphis Grizzlies,108
Mon Jan 25 2016,Houston Rockets,112,New Orleans Pelicans,111
Mon Jan 25 2016,Charlotte Hornets,129,Sacramento Kings,128
Mon Jan 25 2016,Detroit Pistons,95,Utah Jazz,92
Mon Jan 25 2016,Boston Celtics,116,Washington Wizards,91
Tue Jan 26 2016,Miami Heat,102,Brooklyn Nets,98
Tue Jan 26 2016,Los Angeles Clippers,91,Indiana Pacers,89
Tue Jan 26 2016,Dallas Mavericks,92,Los Angeles Lakers,90
Tue Jan 26 2016,Orlando Magic,100,Milwaukee Bucks,107
Tue Jan 26 2016,Oklahoma City Thunder,128,New York Knicks,122
Tue Jan 26 2016,Phoenix Suns,103,Philadelphia 76ers,113
Tue Jan 26 2016,Sacramento Kings,97,Portland Trail Blazers,112
Tue Jan 26 2016,Washington Wizards,89,Toronto Raptors,106
Wed Jan 27 2016,Los Angeles Clippers,85,Atlanta Hawks,83
Wed Jan 27 2016,Denver Nuggets,103,Boston Celtics,111
Wed Jan 27 2016,Phoenix Suns,93,Cleveland Cavaliers,115
Wed Jan 27 2016,Philadelphia 76ers,97,Detroit Pistons,110
Wed Jan 27 2016,Dallas Mavericks,107,Golden State Warriors,127
Wed Jan 27 2016,Oklahoma City Thunder,126,Minnesota Timberwolves,123
Wed Jan 27 2016,Houston Rockets,99,San Antonio Spurs,130
Wed Jan 27 2016,Charlotte Hornets,73,Utah Jazz,102
Thu Jan 28 2016,Atlanta Hawks,92,Indiana Pacers,111
Thu Jan 28 2016,Chicago Bulls,114,Los Angeles Lakers,91
Thu Jan 28 2016,Milwaukee Bucks,83,Memphis Grizzlies,103
Thu Jan 28 2016,Sacramento Kings,105,New Orleans Pelicans,114
Thu Jan 28 2016,New York Knicks,93,Toronto Raptors,103
Thu Jan 28 2016,Denver Nuggets,117,Washington Wizards,113
Fri Jan 29 2016,Orlando Magic,94,Boston Celtics,113
Fri Jan 29 2016,Brooklyn Nets,79,Dallas Mavericks,91
Fri Jan 29 2016,Cleveland Cavaliers,114,Detroit Pistons,106
Fri Jan 29 2016,Los Angeles Lakers,93,Los Angeles Clippers,105
Fri Jan 29 2016,Miami Heat,107,Milwaukee Bucks,103
Fri Jan 29 2016,Phoenix Suns,84,New York Knicks,102
Fri Jan 29 2016,Houston Rockets,108,Oklahoma City Thunder,116
Fri Jan 29 2016,Charlotte Hornets,91,Portland Trail Blazers,109
Fri Jan 29 2016,Minnesota Timberwolves,90,Utah Jazz,103
Sat Jan 30 2016,San Antonio Spurs,103,Cleveland Cavaliers,117
Sat Jan 30 2016,Washington Wizards,123,Houston Rockets,122
Sat Jan 30 2016,Denver Nuggets,105,Indiana Pacers,109
Sat Jan 30 2016,Sacramento Kings,117,Memphis Grizzlies,121
Sat Jan 30 2016,Brooklyn Nets,103,New Orleans Pelicans,105
Sat Jan 30 2016,Golden State Warriors,108,Philadelphia 76ers,105
Sat Jan 30 2016,Detroit Pistons,107,Toronto Raptors,111
Sun Jan 31 2016,Phoenix Suns,78,Dallas Mavericks,91
Sun Jan 31 2016,Chicago Bulls,93,Los Angeles Clippers,120
Sun Jan 31 2016,Charlotte Hornets,101,Los Angeles Lakers,82
Sun Jan 31 2016,Atlanta Hawks,87,Miami Heat,105
Sun Jan 31 2016,Golden State Warriors,116,New York Knicks,95
Sun Jan 31 2016,Boston Celtics,114,Orlando Magic,119
Sun Jan 31 2016,Minnesota Timberwolves,93,Portland Trail Blazers,96
Mon Feb 1 2016,Dallas Mavericks,97,Atlanta Hawks,112
Mon Feb 1 2016,Detroit Pistons,105,Brooklyn Nets,100
Mon Feb 1 2016,Toronto Raptors,93,Denver Nuggets,112
Mon Feb 1 2016,Cleveland Cavaliers,111,Indiana Pacers,106
Mon Feb 1 2016,Memphis Grizzlies,110,New Orleans Pelicans,95
Mon Feb 1 2016,Washington Wizards,98,Oklahoma City Thunder,114
Mon Feb 1 2016,Milwaukee Bucks,104,Sacramento Kings,111
Mon Feb 1 2016,Orlando Magic,92,San Antonio Spurs,107
Mon Feb 1 2016,Chicago Bulls,96,Utah Jazz,105
Tue Feb 2 2016,Miami Heat,102,Houston Rockets,115
Tue Feb 2 2016,Minnesota Timberwolves,115,Los Angeles Lakers,119
Tue Feb 2 2016,Boston Celtics,97,New York Knicks,89
Tue Feb 2 2016,Toronto Raptors,104,Phoenix Suns,97
Tue Feb 2 2016,Milwaukee Bucks,95,Portland Trail Blazers,107
Wed Feb 3 2016,Detroit Pistons,95,Boston Celtics,102
Wed Feb 3 2016,Indiana Pacers,114,Brooklyn Nets,100
Wed Feb 3 2016,Cleveland Cavaliers,97,Charlotte Hornets,106
Wed Feb 3 2016,Miami Heat,93,Dallas Mavericks,90
Wed Feb 3 2016,Minnesota Timberwolves,108,Los Angeles Clippers,102
Wed Feb 3 2016,Orlando Magic,114,Oklahoma City Thunder,117
Wed Feb 3 2016,Atlanta Hawks,124,Philadelphia 76ers,86
Wed Feb 3 2016,Chicago Bulls,107,Sacramento Kings,102
Wed Feb 3 2016,New Orleans Pelicans,97,San Antonio Spurs,110
Wed Feb 3 2016,Denver Nuggets,81,Utah Jazz,85
Wed Feb 3 2016,Golden State Warriors,134,Washington Wizards,121
Thu Feb 4 2016,New York Knicks,105,Detroit Pistons,111
Thu Feb 4 2016,Los Angeles Lakers,99,New Orleans Pelicans,96
Thu Feb 4 2016,Houston Rockets,111,Phoenix Suns,105
Thu Feb 4 2016,Toronto Raptors,110,Portland Trail Blazers,103
Fri Feb 5 2016,Indiana Pacers,96,Atlanta Hawks,102
Fri Feb 5 2016,Sacramento Kings,119,Brooklyn Nets,128
Fri Feb 5 2016,Miami Heat,98,Charlotte Hornets,95
Fri Feb 5 2016,Boston Celtics,104,Cleveland Cavaliers,103
Fri Feb 5 2016,San Antonio Spurs,116,Dallas Mavericks,90
Fri Feb 5 2016,Chicago Bulls,110,Denver Nuggets,115
Fri Feb 5 2016,Memphis Grizzlies,91,New York Knicks,85
Fri Feb 5 2016,Los Angeles Clippers,107,Orlando Magic,93
Fri Feb 5 2016,Milwaukee Bucks,81,Utah Jazz,84
Fri Feb 5 2016,Philadelphia 76ers,94,Washington Wizards,106
Sat Feb 6 2016,Washington Wizards,104,Charlotte Hornets,108
Sat Feb 6 2016,New Orleans Pelicans,84,Cleveland Cavaliers,99
Sat Feb 6 2016,Oklahoma City Thunder,108,Golden State Warriors,116
Sat Feb 6 2016,Portland Trail Blazers,96,Houston Rockets,79
Sat Feb 6 2016,Detroit Pistons,104,Indiana Pacers,112
Sat Feb 6 2016,Dallas Mavericks,114,Memphis Grizzlies,110
Sat Feb 6 2016,Chicago Bulls,105,Minnesota Timberwolves,112
Sat Feb 6 2016,Brooklyn Nets,98,Philadelphia 76ers,103
Sat Feb 6 2016,Utah Jazz,98,Phoenix Suns,89
Sat Feb 6 2016,Los Angeles Lakers,102,San Antonio Spurs,106
Sun Feb 7 2016,Sacramento Kings,119,Boston Celtics,128
Sun Feb 7 2016,Los Angeles Clippers,100,Miami Heat,93
Sun Feb 7 2016,Denver Nuggets,101,New York Knicks,96
Sun Feb 7 2016,Atlanta Hawks,94,Orlando Magic,96
Mon Feb 8 2016,Orlando Magic,117,Atlanta Hawks,110
Mon Feb 8 2016,Denver Nuggets,104,Brooklyn Nets,105
Mon Feb 8 2016,Chicago Bulls,91,Charlotte Hornets,108
Mon Feb 8 2016,Sacramento Kings,100,Cleveland Cavaliers,120
Mon Feb 8 2016,Toronto Raptors,103,Detroit Pistons,89
Mon Feb 8 2016,Los Angeles Lakers,87,Indiana Pacers,89
Mon Feb 8 2016,Portland Trail Blazers,112,Memphis Grizzlies,106
Mon Feb 8 2016,New Orleans Pelicans,116,Minnesota Timberwolves,102
Mon Feb 8 2016,Los Angeles Clippers,98,Philadelphia 76ers,92
Mon Feb 8 2016,Oklahoma City Thunder,122,Phoenix Suns,106
Tue Feb 9 2016,Utah Jazz,121,Dallas Mavericks,119
Tue Feb 9 2016,Houston Rockets,110,Golden State Warriors,123
Tue Feb 9 2016,San Antonio Spurs,119,Miami Heat,101
Tue Feb 9 2016,Boston Celtics,111,Milwaukee Bucks,112
Tue Feb 9 2016,Washington Wizards,111,New York Knicks,108
Wed Feb 10 2016,Los Angeles Clippers,134,Boston Celtics,139
Wed Feb 10 2016,Memphis Grizzlies,109,Brooklyn Nets,90
Wed Feb 10 2016,Atlanta Hawks,113,Chicago Bulls,90
Wed Feb 10 2016,Los Angeles Lakers,111,Cleveland Cavaliers,120
Wed Feb 10 2016,Denver Nuggets,103,Detroit Pistons,92
Wed Feb 10 2016,Charlotte Hornets,117,Indiana Pacers,95
Wed Feb 10 2016,Toronto Raptors,112,Minnesota Timberwolves,117
Wed Feb 10 2016,Utah Jazz,96,New Orleans Pelicans,100
Wed Feb 10 2016,San Antonio Spurs,98,Orlando Magic,96
Wed Feb 10 2016,Sacramento Kings,114,Philadelphia 76ers,110
Wed Feb 10 2016,Golden State Warriors,112,Phoenix Suns,104
Wed Feb 10 2016,Houston Rockets,103,Portland Trail Blazers,116
Thu Feb 11 2016,Washington Wizards,92,Milwaukee Bucks,99
Thu Feb 11 2016,New Orleans Pelicans,95,Oklahoma City Thunder,121
Thu Feb 18 2016,Chicago Bulls,95,Cleveland Cavaliers,106
Thu Feb 18 2016,San Antonio Spurs,86,Los Angeles Clippers,105
Thu Feb 18 2016,Utah Jazz,89,Washington Wizards,103
Fri Feb 19 2016,Miami Heat,115,Atlanta Hawks,111
Fri Feb 19 2016,New York Knicks,98,Brooklyn Nets,109
Fri Feb 19 2016,Toronto Raptors,106,Chicago Bulls,116
Fri Feb 19 2016,San Antonio Spurs,119,Los Angeles Lakers,113
Fri Feb 19 2016,Minnesota Timberwolves,104,Memphis Grizzlies,109
Fri Feb 19 2016,Charlotte Hornets,98,Milwaukee Bucks,95
Fri Feb 19 2016,Philadelphia 76ers,114,New Orleans Pelicans,121
Fri Feb 19 2016,Indiana Pacers,101,Oklahoma City Thunder,98
Fri Feb 19 2016,Dallas Mavericks,104,Orlando Magic,110
Fri Feb 19 2016,Houston Rockets,116,Phoenix Suns,100
Fri Feb 19 2016,Golden State Warriors,105,Portland Trail Blazers,137
Fri Feb 19 2016,Denver Nuggets,110,Sacramento Kings,116
Fri Feb 19 2016,Boston Celtics,93,Utah Jazz,111
Fri Feb 19 2016,Detroit Pistons,86,Washington Wizards,98
Sat Feb 20 2016,Milwaukee Bucks,117,Atlanta Hawks,109
Sat Feb 20 2016,Golden State Warriors,115,Los Angeles Clippers,112
Sat Feb 20 2016,Washington Wizards,94,Miami Heat,114
Sat Feb 20 2016,New York Knicks,103,Minnesota Timberwolves,95
Sun Feb 21 2016,Charlotte Hornets,104,Brooklyn Nets,96
Sun Feb 21 2016,Los Angeles Lakers,115,Chicago Bulls,126
Sun Feb 21 2016,Philadelphia 76ers,103,Dallas Mavericks,129
Sun Feb 21 2016,Boston Celtics,121,Denver Nuggets,101
Sun Feb 21 2016,New Orleans Pelicans,111,Detroit Pistons,106
Sun Feb 21 2016,Cleveland Cavaliers,115,Oklahoma City Thunder,92
Sun Feb 21 2016,Indiana Pacers,105,Orlando Magic,102
Sun Feb 21 2016,San Antonio Spurs,118,Phoenix Suns,111
Sun Feb 21 2016,Utah Jazz,111,Portland Trail Blazers,115
Sun Feb 21 2016,Memphis Grizzlies,85,Toronto Raptors,98
Mon Feb 22 2016,Golden State Warriors,102,Atlanta Hawks,92
Mon Feb 22 2016,Detroit Pistons,96,Cleveland Cavaliers,88
Mon Feb 22 2016,Phoenix Suns,84,Los Angeles Clippers,124
Mon Feb 22 2016,Indiana Pacers,93,Miami Heat,101
Mon Feb 22 2016,Los Angeles Lakers,101,Milwaukee Bucks,108
Mon Feb 22 2016,Boston Celtics,122,Minnesota Timberwolves,124
Mon Feb 22 2016,Toronto Raptors,122,New York Knicks,95
Tue Feb 23 2016,Sacramento Kings,114,Denver Nuggets,110
Tue Feb 23 2016,Orlando Magic,124,Philadelphia 76ers,115
Tue Feb 23 2016,Brooklyn Nets,104,Portland Trail Blazers,112
Tue Feb 23 2016,Houston Rockets,114,Utah Jazz,117
Tue Feb 23 2016,New Orleans Pelicans,89,Washington Wizards,109
Wed Feb 24 2016,Washington Wizards,104,Chicago Bulls,109
Wed Feb 24 2016,Charlotte Hornets,103,Cleveland Cavaliers,114
Wed Feb 24 2016,Oklahoma City Thunder,116,Dallas Mavericks,103
Wed Feb 24 2016,Philadelphia 76ers,91,Detroit Pistons,111
Wed Feb 24 2016,New York Knicks,105,Indiana Pacers,108
Wed Feb 24 2016,Denver Nuggets,87,Los Angeles Clippers,81
Wed Feb 24 2016,Los Angeles Lakers,119,Memphis Grizzlies,128
Wed Feb 24 2016,Golden State Warriors,118,Miami Heat,112
Wed Feb 24 2016,San Antonio Spurs,108,Sacramento Kings,92
Wed Feb 24 2016,Minnesota Timberwolves,105,Toronto Raptors,114
Thu Feb 25 2016,Milwaukee Bucks,107,Boston Celtics,112
Thu Feb 25 2016,Oklahoma City Thunder,119,New Orleans Pelicans,123
Thu Feb 25 2016,Golden State Warriors,130,Orlando Magic,114
Thu Feb 25 2016,Brooklyn Nets,116,Phoenix Suns,106
Thu Feb 25 2016,Houston Rockets,119,Portland Trail Blazers,105
Thu Feb 25 2016,San Antonio Spurs,96,Utah Jazz,78
Fri Feb 26 2016,Chicago Bulls,88,Atlanta Hawks,103
Fri Feb 26 2016,Denver Nuggets,116,Dallas Mavericks,122
Fri Feb 26 2016,Charlotte Hornets,96,Indiana Pacers,95
Fri Feb 26 2016,Memphis Grizzlies,112,Los Angeles Lakers,95
Fri Feb 26 2016,Orlando Magic,95,New York Knicks,108
Fri Feb 26 2016,Washington Wizards,103,Philadelphia 76ers,94
Fri Feb 26 2016,Los Angeles Clippers,117,Sacramento Kings,107
Fri Feb 26 2016,Cleveland Cavaliers,97,Toronto Raptors,99
Sat Feb 27 2016,Miami Heat,89,Boston Celtics,101
Sat Feb 27 2016,Portland Trail Blazers,103,Chicago Bulls,95
Sat Feb 27 2016,San Antonio Spurs,104,Houston Rockets,94
Sat Feb 27 2016,Detroit Pistons,102,Milwaukee Bucks,91
Sat Feb 27 2016,Minnesota Timberwolves,112,New Orleans Pelicans,110
Sat Feb 27 2016,Golden State Warriors,121,Oklahoma City Thunder,118
Sat Feb 27 2016,Memphis Grizzlies,106,Phoenix Suns,111
Sat Feb 27 2016,Brooklyn Nets,98,Utah Jazz,96
Sun Feb 28 2016,Charlotte Hornets,76,Atlanta Hawks,87
Sun Feb 28 2016,Minnesota Timberwolves,101,Dallas Mavericks,128
Sun Feb 28 2016,Toronto Raptors,101,Detroit Pistons,114
Sun Feb 28 2016,Portland Trail Blazers,111,Indiana Pacers,102
Sun Feb 28 2016,Miami Heat,98,New York Knicks,81
Sun Feb 28 2016,Philadelphia 76ers,116,Orlando Magic,130
Sun Feb 28 2016,Cleveland Cavaliers,99,Washington Wizards,113
Mon Feb 29 2016,Utah Jazz,95,Boston Celtics,100
Mon Feb 29 2016,Indiana Pacers,96,Cleveland Cavaliers,100
Mon Feb 29 2016,Memphis Grizzlies,103,Denver Nuggets,96
Mon Feb 29 2016,Brooklyn Nets,95,Los Angeles Clippers,105
Mon Feb 29 2016,Houston Rockets,121,Milwaukee Bucks,128
Mon Feb 29 2016,Oklahoma City Thunder,131,Sacramento Kings,116
Mon Feb 29 2016,Philadelphia 76ers,108,Washington Wizards,116
Tue Mar 1 2016,Phoenix Suns,92,Charlotte Hornets,126
Tue Mar 1 2016,Orlando Magic,108,Dallas Mavericks,121
Tue Mar 1 2016,Atlanta Hawks,105,Golden State Warriors,109
Tue Mar 1 2016,Brooklyn Nets,101,Los Angeles Lakers,107
Tue Mar 1 2016,Chicago Bulls,111,Miami Heat,129
Tue Mar 1 2016,Portland Trail Blazers,104,New York Knicks,85
Wed Mar 2 2016,Portland Trail Blazers,93,Boston Celtics,116
Wed Mar 2 2016,Los Angeles Lakers,107,Denver Nuggets,117
Wed Mar 2 2016,New Orleans Pelicans,95,Houston Rockets,100
Wed Mar 2 2016,Oklahoma City Thunder,98,Los Angeles Clippers,103
Wed Mar 2 2016,Sacramento Kings,98,Memphis Grizzlies,104
Wed Mar 2 2016,Indiana Pacers,104,Milwaukee Bucks,99
Wed Mar 2 2016,Washington Wizards,104,Minnesota Timberwolves,98
Wed Mar 2 2016,Chicago Bulls,89,Orlando Magic,102
Wed Mar 2 2016,Charlotte Hornets,119,Philadelphia 76ers,99
Wed Mar 2 2016,Detroit Pistons,81,San Antonio Spurs,97
Wed Mar 2 2016,Utah Jazz,94,Toronto Raptors,104
Thu Mar 3 2016,Sacramento Kings,104,Dallas Mavericks,101
Thu Mar 3 2016,Oklahoma City Thunder,106,Golden State Warriors,121
Thu Mar 3 2016,Phoenix Suns,92,Miami Heat,108
Thu Mar 3 2016,San Antonio Spurs,94,New Orleans Pelicans,86
Fri Mar 4 2016,New York Knicks,104,Boston Celtics,105
Fri Mar 4 2016,Indiana Pacers,101,Charlotte Hornets,108
Fri Mar 4 2016,Washington Wizards,83,Cleveland Cavaliers,108
Fri Mar 4 2016,Brooklyn Nets,121,Denver Nuggets,120
Fri Mar 4 2016,Atlanta Hawks,106,Los Angeles Lakers,77
Fri Mar 4 2016,Utah Jazz,88,Memphis Grizzlies,94
Fri Mar 4 2016,Minnesota Timberwolves,101,Milwaukee Bucks,116
Fri Mar 4 2016,Phoenix Suns,102,Orlando Magic,84
Fri Mar 4 2016,Miami Heat,112,Philadelphia 76ers,102
Fri Mar 4 2016,Portland Trail Blazers,115,Toronto Raptors,117
Sat Mar 5 2016,Houston Rockets,100,Chicago Bulls,108
Sat Mar 5 2016,Boston Celtics,103,Cleveland Cavaliers,120
Sat Mar 5 2016,Atlanta Hawks,107,Los Angeles Clippers,97
Sat Mar 5 2016,Brooklyn Nets,118,Minnesota Timberwolves,132
Sat Mar 5 2016,Utah Jazz,106,New Orleans Pelicans,94
Sat Mar 5 2016,Detroit Pistons,89,New York Knicks,102
Sat Mar 5 2016,Sacramento Kings,94,San Antonio Spurs,104
Sat Mar 5 2016,Indiana Pacers,100,Washington Wizards,99
Sun Mar 6 2016,Dallas Mavericks,114,Denver Nuggets,116
Sun Mar 6 2016,Portland Trail Blazers,103,Detroit Pistons,123
Sun Mar 6 2016,Golden State Warriors,95,Los Angeles Lakers,112
Sun Mar 6 2016,Phoenix Suns,109,Memphis Grizzlies,100
Sun Mar 6 2016,Philadelphia 76ers,98,Miami Heat,103
Sun Mar 6 2016,Oklahoma City Thunder,104,Milwaukee Bucks,96
Sun Mar 6 2016,Houston Rockets,113,Toronto Raptors,107
Mon Mar 7 2016,Milwaukee Bucks,90,Chicago Bulls,100
Mon Mar 7 2016,Minnesota Timberwolves,103,Charlotte Hornets,108
Mon Mar 7 2016,Memphis Grizzlies,106,Cleveland Cavaliers,103
Mon Mar 7 2016,Los Angeles Clippers,109,Dallas Mavericks,90
Mon Mar 7 2016,Orlando Magic,113,Golden State Warriors,119
Mon Mar 7 2016,San Antonio Spurs,91,Indiana Pacers,99
Mon Mar 7 2016,Sacramento Kings,112,New Orleans Pelicans,115
Tue Mar 8 2016,New York Knicks,94,Denver Nuggets,110
Tue Mar 8 2016,Orlando Magic,98,Los Angeles Lakers,107
Tue Mar 8 2016,San Antonio Spurs,116,Minnesota Timberwolves,91
Tue Mar 8 2016,Washington Wizards,109,Portland Trail Blazers,116
Tue Mar 8 2016,Brooklyn Nets,99,Toronto Raptors,104
Tue Mar 8 2016,Atlanta Hawks,91,Utah Jazz,84
Wed Mar 9 2016,Memphis Grizzlies,96,Boston Celtics,116
Wed Mar 9 2016,New Orleans Pelicans,113,Charlotte Hornets,122
Wed Mar 9 2016,Detroit Pistons,102,Dallas Mavericks,96
Wed Mar 9 2016,Utah Jazz,94,Golden State Warriors,115
Wed Mar 9 2016,Miami Heat,108,Milwaukee Bucks,114
Wed Mar 9 2016,Los Angeles Clippers,108,Oklahoma City Thunder,120
Wed Mar 9 2016,Houston Rockets,118,Philadelphia 76ers,104
Wed Mar 9 2016,New York Knicks,128,Phoenix Suns,97
Wed Mar 9 2016,Cleveland Cavaliers,120,Sacramento Kings,111
Thu Mar 10 2016,Phoenix Suns,98,Denver Nuggets,116
Thu Mar 10 2016,Cleveland Cavaliers,120,Los Angeles Lakers,108
Thu Mar 10 2016,Chicago Bulls,101,San Antonio Spurs,109
Thu Mar 10 2016,Atlanta Hawks,96,Toronto Raptors,104
Fri Mar 11 2016,Houston Rockets,102,Boston Celtics,98
Fri Mar 11 2016,Miami Heat,118,Chicago Bulls,96
Fri Mar 11 2016,Detroit Pistons,103,Charlotte Hornets,118
Fri Mar 11 2016,Portland Trail Blazers,112,Golden State Warriors,128
Fri Mar 11 2016,New York Knicks,94,Los Angeles Clippers,101
Fri Mar 11 2016,New Orleans Pelicans,114,Memphis Grizzlies,121
Fri Mar 11 2016,Minnesota Timberwolves,99,Oklahoma City Thunder,96
Fri Mar 11 2016,Brooklyn Nets,89,Philadelphia 76ers,95
Fri Mar 11 2016,Orlando Magic,107,Sacramento Kings,100
Fri Mar 11 2016,Washington Wizards,93,Utah Jazz,114
Sat Mar 12 2016,Memphis Grizzlies,83,Atlanta Hawks,95
Sat Mar 12 2016,Houston Rockets,109,Charlotte Hornets,125
Sat Mar 12 2016,Indiana Pacers,112,Dallas Mavericks,105
Sat Mar 12 2016,Washington Wizards,100,Denver Nuggets,116
Sat Mar 12 2016,Phoenix Suns,116,Golden State Warriors,123
Sat Mar 12 2016,New Orleans Pelicans,92,Milwaukee Bucks,103
Sat Mar 12 2016,Detroit Pistons,125,Philadelphia 76ers,111
Sat Mar 12 2016,Orlando Magic,84,Portland Trail Blazers,121
Sat Mar 12 2016,Oklahoma City Thunder,85,San Antonio Spurs,93
Sat Mar 12 2016,Miami Heat,104,Toronto Raptors,112
Sun Mar 13 2016,Indiana Pacers,75,Atlanta Hawks,104
Sun Mar 13 2016,Milwaukee Bucks,109,Brooklyn Nets,100
Sun Mar 13 2016,Cleveland Cavaliers,114,Los Angeles Clippers,90
Sun Mar 13 2016,New York Knicks,90,Los Angeles Lakers,87
Sun Mar 13 2016,Utah Jazz,108,Sacramento Kings,99
Mon Mar 14 2016,Dallas Mavericks,107,Charlotte Hornets,96
Mon Mar 14 2016,New Orleans Pelicans,107,Golden State Warriors,125
Mon Mar 14 2016,Memphis Grizzlies,81,Houston Rockets,130
Mon Mar 14 2016,Denver Nuggets,119,Miami Heat,124
Mon Mar 14 2016,Portland Trail Blazers,94,Oklahoma City Thunder,128
Mon Mar 14 2016,Minnesota Timberwolves,104,Phoenix Suns,107
Mon Mar 14 2016,Chicago Bulls,109,Toronto Raptors,107
Mon Mar 14 2016,Cleveland Cavaliers,85,Utah Jazz,94
Mon Mar 14 2016,Detroit Pistons,81,Washington Wizards,124
Tue Mar 15 2016,Philadelphia 76ers,114,Brooklyn Nets,131
Tue Mar 15 2016,Boston Celtics,98,Indiana Pacers,103
Tue Mar 15 2016,Sacramento Kings,106,Los Angeles Lakers,98
Tue Mar 15 2016,Toronto Raptors,107,Milwaukee Bucks,89
Tue Mar 15 2016,Denver Nuggets,110,Orlando Magic,116
Tue Mar 15 2016,Los Angeles Clippers,87,San Antonio Spurs,108
Wed Mar 16 2016,Oklahoma City Thunder,130,Boston Celtics,109
Wed Mar 16 2016,Orlando Magic,99,Charlotte Hornets,107
Wed Mar 16 2016,Dallas Mavericks,98,Cleveland Cavaliers,99
Wed Mar 16 2016,Atlanta Hawks,118,Detroit Pistons,114
Wed Mar 16 2016,New York Knicks,85,Golden State Warriors,121
Wed Mar 16 2016,Los Angeles Clippers,122,Houston Rockets,106
Wed Mar 16 2016,Minnesota Timberwolves,114,Memphis Grizzlies,108
Wed Mar 16 2016,New Orleans Pelicans,123,Sacramento Kings,108
Wed Mar 16 2016,Chicago Bulls,96,Washington Wizards,117
Thu Mar 17 2016,Denver Nuggets,98,Atlanta Hawks,116
Thu Mar 17 2016,Brooklyn Nets,102,Chicago Bulls,118
Thu Mar 17 2016,Toronto Raptors,101,Indiana Pacers,94
Thu Mar 17 2016,Charlotte Hornets,109,Miami Heat,106
Thu Mar 17 2016,Memphis Grizzlies,86,Milwaukee Bucks,96
Thu Mar 17 2016,Washington Wizards,99,Philadelphia 76ers,94
Thu Mar 17 2016,Portland Trail Blazers,110,San Antonio Spurs,118
Thu Mar 17 2016,Phoenix Suns,69,Utah Jazz,103
Fri Mar 18 2016,Golden State Warriors,130,Dallas Mavericks,112
Fri Mar 18 2016,Sacramento Kings,108,Detroit Pistons,115
Fri Mar 18 2016,Minnesota Timberwolves,111,Houston Rockets,116
Fri Mar 18 2016,Phoenix Suns,95,Los Angeles Lakers,90
Fri Mar 18 2016,Portland Trail Blazers,117,New Orleans Pelicans,112
Fri Mar 18 2016,Cleveland Cavaliers,109,Orlando Magic,103
Fri Mar 18 2016,Oklahoma City Thunder,111,Philadelphia 76ers,97
Fri Mar 18 2016,Boston Celtics,91,Toronto Raptors,105
Sat Mar 19 2016,Houston Rockets,97,Atlanta Hawks,109
Sat Mar 19 2016,Utah Jazz,85,Chicago Bulls,92
Sat Mar 19 2016,Denver Nuggets,101,Charlotte Hornets,93
Sat Mar 19 2016,Brooklyn Nets,103,Detroit Pistons,115
Sat Mar 19 2016,Oklahoma City Thunder,115,Indiana Pacers,111
Sat Mar 19 2016,Los Angeles Clippers,102,Memphis Grizzlies,113
Sat Mar 19 2016,Cleveland Cavaliers,101,Miami Heat,122
Sat Mar 19 2016,Golden State Warriors,79,San Antonio Spurs,87
Sat Mar 19 2016,New York Knicks,89,Washington Wizards,99
Sun Mar 20 2016,Portland Trail Blazers,120,Dallas Mavericks,132
Sun Mar 20 2016,Utah Jazz,94,Milwaukee Bucks,85
Sun Mar 20 2016,Los Angeles Clippers,105,New Orleans Pelicans,109
Sun Mar 20 2016,Sacramento Kings,88,New York Knicks,80
Sun Mar 20 2016,Boston Celtics,120,Philadelphia 76ers,105
Sun Mar 20 2016,Orlando Magic,100,Toronto Raptors,105
Mon Mar 21 2016,Washington Wizards,117,Atlanta Hawks,102
Mon Mar 21 2016,Orlando Magic,96,Boston Celtics,107
Mon Mar 21 2016,Sacramento Kings,102,Chicago Bulls,109
Mon Mar 21 2016,San Antonio Spurs,88,Charlotte Hornets,91
Mon Mar 21 2016,Denver Nuggets,91,Cleveland Cavaliers,124
Mon Mar 21 2016,Milwaukee Bucks,91,Detroit Pistons,92
Mon Mar 21 2016,Philadelphia 76ers,75,Indiana Pacers,91
Mon Mar 21 2016,Golden State Warriors,109,Minnesota Timberwolves,104
Mon Mar 21 2016,Memphis Grizzlies,103,Phoenix Suns,97
Tue Mar 22 2016,Charlotte Hornets,105,Brooklyn Nets,100
Tue Mar 22 2016,Memphis Grizzlies,100,Los Angeles Lakers,107
Tue Mar 22 2016,Miami Heat,113,New Orleans Pelicans,99
Tue Mar 22 2016,Houston Rockets,107,Oklahoma City Thunder,111
Wed Mar 23 2016,Toronto Raptors,79,Boston Celtics,91
Wed Mar 23 2016,New York Knicks,115,Chicago Bulls,107
Wed Mar 23 2016,Milwaukee Bucks,104,Cleveland Cavaliers,113
Wed Mar 23 2016,Philadelphia 76ers,103,Denver Nuggets,104
Wed Mar 23 2016,Orlando Magic,102,Detroit Pistons,118
Wed Mar 23 2016,Los Angeles Clippers,98,Golden State Warriors,114
Wed Mar 23 2016,Utah Jazz,89,Houston Rockets,87
Wed Mar 23 2016,Sacramento Kings,104,Minnesota Timberwolves,113
Wed Mar 23 2016,Los Angeles Lakers,107,Phoenix Suns,119
Wed Mar 23 2016,Dallas Mavericks,103,Portland Trail Blazers,109
Wed Mar 23 2016,Miami Heat,88,San Antonio Spurs,112
Wed Mar 23 2016,Atlanta Hawks,122,Washington Wizards,101
Thu Mar 24 2016,Cleveland Cavaliers,95,Brooklyn Nets,104
Thu Mar 24 2016,New Orleans Pelicans,84,Indiana Pacers,92
Thu Mar 24 2016,Portland Trail Blazers,94,Los Angeles Clippers,96
Thu Mar 24 2016,Chicago Bulls,94,New York Knicks,106
Thu Mar 24 2016,Utah Jazz,91,Oklahoma City Thunder,113
Fri Mar 25 2016,Milwaukee Bucks,90,Atlanta Hawks,101
Fri Mar 25 2016,Charlotte Hornets,105,Detroit Pistons,112
Fri Mar 25 2016,Dallas Mavericks,120,Golden State Warriors,128
Fri Mar 25 2016,Toronto Raptors,109,Houston Rockets,112
Fri Mar 25 2016,Denver Nuggets,116,Los Angeles Lakers,105
Fri Mar 25 2016,Orlando Magic,97,Miami Heat,108
Fri Mar 25 2016,Phoenix Suns,94,Sacramento Kings,116
Fri Mar 25 2016,Memphis Grizzlies,104,San Antonio Spurs,110
Fri Mar 25 2016,Minnesota Timberwolves,132,Washington Wizards,129
Sat Mar 26 2016,Indiana Pacers,110,Brooklyn Nets,120
Sat Mar 26 2016,Atlanta Hawks,112,Detroit Pistons,95
Sat Mar 26 2016,Charlotte Hornets,115,Milwaukee Bucks,91
Sat Mar 26 2016,Utah Jazz,93,Minnesota Timberwolves,84
Sat Mar 26 2016,Toronto Raptors,115,New Orleans Pelicans,91
Sat Mar 26 2016,Cleveland Cavaliers,107,New York Knicks,93
Sat Mar 26 2016,San Antonio Spurs,92,Oklahoma City Thunder,111
Sat Mar 26 2016,Chicago Bulls,89,Orlando Magic,111
Sat Mar 26 2016,Boston Celtics,102,Phoenix Suns,99
Sat Mar 26 2016,Philadelphia 76ers,105,Portland Trail Blazers,108
Sun Mar 27 2016,Philadelphia 76ers,105,Golden State Warriors,117
Sun Mar 27 2016,Houston Rockets,101,Indiana Pacers,104
Sun Mar 27 2016,Denver Nuggets,90,Los Angeles Clippers,105
Sun Mar 27 2016,Washington Wizards,101,Los Angeles Lakers,88
Sun Mar 27 2016,Dallas Mavericks,111,Sacramento Kings,133
Mon Mar 28 2016,Atlanta Hawks,102,Chicago Bulls,100
Mon Mar 28 2016,Dallas Mavericks,97,Denver Nuggets,88
Mon Mar 28 2016,Boston Celtics,90,Los Angeles Clippers,114
Mon Mar 28 2016,San Antonio Spurs,101,Memphis Grizzlies,87
Mon Mar 28 2016,Brooklyn Nets,99,Miami Heat,110
Mon Mar 28 2016,Phoenix Suns,116,Minnesota Timberwolves,121
Mon Mar 28 2016,New York Knicks,91,New Orleans Pelicans,99
Mon Mar 28 2016,Sacramento Kings,93,Portland Trail Blazers,105
Mon Mar 28 2016,Oklahoma City Thunder,119,Toronto Raptors,100
Mon Mar 28 2016,Los Angeles Lakers,75,Utah Jazz,123
Tue Mar 29 2016,Houston Rockets,106,Cleveland Cavaliers,100
Tue Mar 29 2016,Oklahoma City Thunder,82,Detroit Pistons,88
Tue Mar 29 2016,Washington Wizards,94,Golden State Warriors,102
Tue Mar 29 2016,Chicago Bulls,98,Indiana Pacers,96
Tue Mar 29 2016,Brooklyn Nets,105,Orlando Magic,139
Tue Mar 29 2016,Charlotte Hornets,100,Philadelphia 76ers,85
Wed Mar 30 2016,New York Knicks,89,Dallas Mavericks,91
Wed Mar 30 2016,Miami Heat,100,Los Angeles Lakers,102
Wed Mar 30 2016,Denver Nuggets,109,Memphis Grizzlies,105
Wed Mar 30 2016,Phoenix Suns,94,Milwaukee Bucks,105
Wed Mar 30 2016,Los Angeles Clippers,99,Minnesota Timberwolves,79
Wed Mar 30 2016,Washington Wizards,111,Sacramento Kings,120
Wed Mar 30 2016,New Orleans Pelicans,92,San Antonio Spurs,100
Wed Mar 30 2016,Atlanta Hawks,97,Toronto Raptors,105
Wed Mar 30 2016,Golden State Warriors,103,Utah Jazz,96
Thu Mar 31 2016,Brooklyn Nets,87,Cleveland Cavaliers,107
Thu Mar 31 2016,Chicago Bulls,103,Houston Rockets,100
Thu Mar 31 2016,Orlando Magic,114,Indiana Pacers,94
Thu Mar 31 2016,Denver Nuggets,95,New Orleans Pelicans,101
Thu Mar 31 2016,Los Angeles Clippers,117,Oklahoma City Thunder,119
Thu Mar 31 2016,Boston Celtics,109,Portland Trail Blazers,116
Fri Apr 1 2016,Cleveland Cavaliers,110,Atlanta Hawks,108
Fri Apr 1 2016,Philadelphia 76ers,91,Charlotte Hornets,100
Fri Apr 1 2016,Dallas Mavericks,98,Detroit Pistons,89
Fri Apr 1 2016,Boston Celtics,109,Golden State Warriors,106
Fri Apr 1 2016,Toronto Raptors,99,Memphis Grizzlies,95
Fri Apr 1 2016,Orlando Magic,110,Milwaukee Bucks,113
Fri Apr 1 2016,Brooklyn Nets,91,New York Knicks,105
Fri Apr 1 2016,Washington Wizards,106,Phoenix Suns,99
Fri Apr 1 2016,Miami Heat,112,Sacramento Kings,106
Fri Apr 1 2016,Minnesota Timberwolves,85,Utah Jazz,98
Sat Apr 2 2016,Detroit Pistons,94,Chicago Bulls,90
Sat Apr 2 2016,Sacramento Kings,115,Denver Nuggets,106
Sat Apr 2 2016,Indiana Pacers,115,Philadelphia 76ers,102
Sat Apr 2 2016,Miami Heat,93,Portland Trail Blazers,110
Sat Apr 2 2016,Toronto Raptors,95,San Antonio Spurs,102
Sun Apr 3 2016,New Orleans Pelicans,106,Brooklyn Nets,87
Sun Apr 3 2016,Charlotte Hornets,103,Cleveland Cavaliers,112
Sun Apr 3 2016,Portland Trail Blazers,111,Golden State Warriors,136
Sun Apr 3 2016,Oklahoma City Thunder,110,Houston Rockets,118
Sun Apr 3 2016,Washington Wizards,109,Los Angeles Clippers,114
Sun Apr 3 2016,Boston Celtics,107,Los Angeles Lakers,100
Sun Apr 3 2016,Chicago Bulls,102,Milwaukee Bucks,98
Sun Apr 3 2016,Dallas Mavericks,88,Minnesota Timberwolves,78
Sun Apr 3 2016,Indiana Pacers,92,New York Knicks,87
Sun Apr 3 2016,Memphis Grizzlies,107,Orlando Magic,119
Sun Apr 3 2016,Utah Jazz,101,Phoenix Suns,86
Tue Apr 5 2016,Phoenix Suns,90,Atlanta Hawks,103
Tue Apr 5 2016,Oklahoma City Thunder,124,Denver Nuggets,102
Tue Apr 5 2016,Minnesota Timberwolves,124,Golden State Warriors,117
Tue Apr 5 2016,Los Angeles Lakers,81,Los Angeles Clippers,103
Tue Apr 5 2016,Chicago Bulls,92,Memphis Grizzlies,108
Tue Apr 5 2016,Detroit Pistons,89,Miami Heat,107
Tue Apr 5 2016,Cleveland Cavaliers,109,Milwaukee Bucks,80
Tue Apr 5 2016,New Orleans Pelicans,93,Philadelphia 76ers,107
Tue Apr 5 2016,Portland Trail Blazers,115,Sacramento Kings,107
Tue Apr 5 2016,Charlotte Hornets,90,Toronto Raptors,96
Tue Apr 5 2016,San Antonio Spurs,88,Utah Jazz,86
Wed Apr 6 2016,New Orleans Pelicans,97,Boston Celtics,104
Wed Apr 6 2016,Houston Rockets,86,Dallas Mavericks,88
Wed Apr 6 2016,Cleveland Cavaliers,109,Indiana Pacers,123
Wed Apr 6 2016,Los Angeles Clippers,91,Los Angeles Lakers,81
Wed Apr 6 2016,Charlotte Hornets,111,New York Knicks,97
Wed Apr 6 2016,Detroit Pistons,108,Orlando Magic,104
Wed Apr 6 2016,Oklahoma City Thunder,115,Portland Trail Blazers,120
Wed Apr 6 2016,Brooklyn Nets,103,Washington Wizards,121
Thu Apr 7 2016,Toronto Raptors,87,Atlanta Hawks,95
Thu Apr 7 2016,San Antonio Spurs,101,Golden State Warriors,112
Thu Apr 7 2016,Phoenix Suns,124,Houston Rockets,115
Thu Apr 7 2016,Chicago Bulls,98,Miami Heat,106
Thu Apr 7 2016,Minnesota Timberwolves,105,Sacramento Kings,97
Fri Apr 8 2016,Milwaukee Bucks,109,Boston Celtics,124
Fri Apr 8 2016,Brooklyn Nets,99,Charlotte Hornets,113
Fri Apr 8 2016,Memphis Grizzlies,93,Dallas Mavericks,103
Fri Apr 8 2016,San Antonio Spurs,98,Denver Nuggets,102
Fri Apr 8 2016,Washington Wizards,99,Detroit Pistons,112
Fri Apr 8 2016,Los Angeles Lakers,102,New Orleans Pelicans,110
Fri Apr 8 2016,Miami Heat,109,Orlando Magic,112
Fri Apr 8 2016,New York Knicks,109,Philadelphia 76ers,102
Fri Apr 8 2016,Indiana Pacers,98,Toronto Raptors,111
Fri Apr 8 2016,Los Angeles Clippers,102,Utah Jazz,99
Sat Apr 9 2016,Boston Celtics,107,Atlanta Hawks,118
Sat Apr 9 2016,Cleveland Cavaliers,102,Chicago Bulls,105
Sat Apr 9 2016,Golden State Warriors,100,Memphis Grizzlies,99
Sat Apr 9 2016,Phoenix Suns,121,New Orleans Pelicans,100
Sat Apr 9 2016,Minnesota Timberwolves,106,Portland Trail Blazers,105
Sat Apr 9 2016,Oklahoma City Thunder,112,Sacramento Kings,114
Sun Apr 10 2016,Utah Jazz,100,Denver Nuggets,84
Sun Apr 10 2016,Los Angeles Lakers,110,Houston Rockets,130
Sun Apr 10 2016,Brooklyn Nets,105,Indiana Pacers,129
Sun Apr 10 2016,Dallas Mavericks,91,Los Angeles Clippers,98
Sun Apr 10 2016,Orlando Magic,96,Miami Heat,118
Sun Apr 10 2016,Toronto Raptors,93,New York Knicks,89
Sun Apr 10 2016,Milwaukee Bucks,109,Philadelphia 76ers,108
Sun Apr 10 2016,Golden State Warriors,92,San Antonio Spurs,86
Sun Apr 10 2016,Charlotte Hornets,98,Washington Wizards,113
Mon Apr 11 2016,Charlotte Hornets,114,Boston Celtics,100
Mon Apr 11 2016,Washington Wizards,120,Brooklyn Nets,111
Mon Apr 11 2016,Atlanta Hawks,94,Cleveland Cavaliers,109
Mon Apr 11 2016,Houston Rockets,129,Minnesota Timberwolves,105
Mon Apr 11 2016,Chicago Bulls,121,New Orleans Pelicans,116
Mon Apr 11 2016,Los Angeles Lakers,79,Oklahoma City Thunder,112
Mon Apr 11 2016,Milwaukee Bucks,98,Orlando Magic,107
Mon Apr 11 2016,Sacramento Kings,105,Phoenix Suns,101
Mon Apr 11 2016,Dallas Mavericks,101,Utah Jazz,92
Tue Apr 12 2016,Miami Heat,99,Detroit Pistons,93
Tue Apr 12 2016,New York Knicks,90,Indiana Pacers,102
Tue Apr 12 2016,Memphis Grizzlies,84,Los Angeles Clippers,110
Tue Apr 12 2016,Oklahoma City Thunder,98,San Antonio Spurs,102
Tue Apr 12 2016,Philadelphia 76ers,98,Toronto Raptors,122
Wed Apr 13 2016,Miami Heat,88,Boston Celtics,98
Wed Apr 13 2016,Toronto Raptors,103,Brooklyn Nets,96
Wed Apr 13 2016,Philadelphia 76ers,105,Chicago Bulls,115
Wed Apr 13 2016,Orlando Magic,103,Charlotte Hornets,117
Wed Apr 13 2016,Detroit Pistons,112,Cleveland Cavaliers,110
Wed Apr 13 2016,San Antonio Spurs,96,Dallas Mavericks,91
Wed Apr 13 2016,Memphis Grizzlies,104,Golden State Warriors,125
Wed Apr 13 2016,Sacramento Kings,81,Houston Rockets,116
Wed Apr 13 2016,Utah Jazz,96,Los Angeles Lakers,101
Wed Apr 13 2016,Indiana Pacers,97,Milwaukee Bucks,92
Wed Apr 13 2016,New Orleans Pelicans,109,Minnesota Timberwolves,144
Wed Apr 13 2016,Los Angeles Clippers,105,Phoenix Suns,114
Wed Apr 13 2016,Denver Nuggets,99,Portland Trail Blazers,107
Wed Apr 13 2016,Atlanta Hawks,98,Washington Wizards,109
04/16/16,Boston Celtics,101,Atlanta Hawks,102
04/16/16,Houston Rockets,78,Golden State Warriors,104
04/16/16,Dallas Mavericks,70,Oklahoma City Thunder,108
04/16/16,Indiana Pacers,100,Toronto Raptors,90
04/17/16,Detroit Pistons,101,Cleveland Cavaliers,106
04/17/16,Portland Trail Blazers,95,Los Angeles Clippers,115
04/17/16,Charlotte Hornets,91,Miami Heat,123
04/17/16,Memphis Grizzlies,74,San Antonio Spurs,106
04/18/16,Houston Rockets,106,Golden State Warriors,115
04/18/16,Dallas Mavericks,85,Oklahoma City Thunder,84
04/18/16,Indiana Pacers,87,Toronto Raptors,98
04/19/16,Boston Celtics,72,Atlanta Hawks,89
04/19/16,Memphis Grizzlies,68,San Antonio Spurs,94
04/20/16,Detroit Pistons,90,Cleveland Cavaliers,107
04/20/16,Portland Trail Blazers,81,Los Angeles Clippers,102
04/20/16,Charlotte Hornets,103,Miami Heat,115
04/21/16,Oklahoma City Thunder,131,Dallas Mavericks,102
04/21/16,Golden State Warriors,96,Houston Rockets,97
04/21/16,Toronto Raptors,101,Indiana Pacers,85
04/22/16,Atlanta Hawks,103,Boston Celtics,111
04/22/16,Cleveland Cavaliers,101,Detroit Pistons,91
04/22/16,San Antonio Spurs,96,Memphis Grizzlies,87
04/23/16,Miami Heat,80,Charlotte Hornets,96
04/23/16,Oklahoma City Thunder,119,Dallas Mavericks,108
04/23/16,Toronto Raptors,83,Indiana Pacers,100
04/23/16,Los Angeles Clippers,88,Portland Trail Blazers,96
04/24/16,Atlanta Hawks,95,Boston Celtics,104
04/24/16,Cleveland Cavaliers,100,Detroit Pistons,98
04/24/16,Golden State Warriors,121,Houston Rockets,94
04/24/16,San Antonio Spurs,116,Memphis Grizzlies,95
04/25/16,Miami Heat,85,Charlotte Hornets,89
04/25/16,Dallas Mavericks,104,Oklahoma City Thunder,118
04/25/16,Los Angeles Clippers,84,Portland Trail Blazers,98
04/26/16,Boston Celtics,83,Atlanta Hawks,110
04/26/16,Indiana Pacers,99,Toronto Raptors,102
04/27/16,Houston Rockets,81,Golden State Warriors,114
04/27/16,Portland Trail Blazers,108,Los Angeles Clippers,98
04/27/16,Charlotte Hornets,90,Miami Heat,88
04/28/16,Atlanta Hawks,104,Boston Celtics,92
04/29/16,Miami Heat,97,Charlotte Hornets,90
04/29/16,Toronto Raptors,83,Indiana Pacers,101
04/29/16,Los Angeles Clippers,103,Portland Trail Blazers,106
04/30/16,Oklahoma City Thunder,92,San Antonio Spurs,124
05/01/16,Portland Trail Blazers,106,Golden State Warriors,118
05/01/16,Charlotte Hornets,73,Miami Heat,106
05/01/16,Indiana Pacers,84,Toronto Raptors,89
05/02/16,Atlanta Hawks,93,Cleveland Cavaliers,104
05/02/16,Oklahoma City Thunder,98,San Antonio Spurs,97
05/03/16,Portland Trail Blazers,99,Golden State Warriors,110
05/03/16,Miami Heat,102,Toronto Raptors,96
05/04/16,Atlanta Hawks,98,Cleveland Cavaliers,123
05/05/16,Miami Heat,92,Toronto Raptors,96
05/06/16,Cleveland Cavaliers,121,Atlanta Hawks,108
05/06/16,San Antonio Spurs,100,Oklahoma City Thunder,96
05/07/16,Toronto Raptors,95,Miami Heat,91
05/07/16,Golden State Warriors,108,Portland Trail Blazers,120
05/08/16,Cleveland Cavaliers,100,Atlanta Hawks,99
05/08/16,San Antonio Spurs,97,Oklahoma City Thunder,111
05/09/16,Toronto Raptors,87,Miami Heat,94
05/09/16,Golden State Warriors,132,Portland Trail Blazers,125
05/10/16,Oklahoma City Thunder,95,San Antonio Spurs,91
05/11/16,Portland Trail Blazers,121,Golden State Warriors,125
05/11/16,Miami Heat,91,Toronto Raptors,99
05/12/16,San Antonio Spurs,99,Oklahoma City Thunder,113
05/13/16,Toronto Raptors,91,Miami Heat,103
05/15/16,Miami Heat,89,Toronto Raptors,116
05/16/16,Oklahoma City Thunder,108,Golden State Warriors,102
05/17/16,Toronto Raptors,84,Cleveland Cavaliers,115
05/18/16,Oklahoma City Thunder,91,Golden State Warriors,118
05/19/16,Toronto Raptors,89,Cleveland Cavaliers,108
05/21/16,Cleveland Cavaliers,84,Toronto Raptors,99
05/22/16,Golden State Warriors,105,Oklahoma City Thunder,133
05/23/16,Cleveland Cavaliers,99,Toronto Raptors,105
05/24/16,Golden State Warriors,94,Oklahoma City Thunder,118
05/25/16,Toronto Raptors,78,Cleveland Cavaliers,116
05/26/16,Oklahoma City Thunder,111,Golden State Warriors,120
05/27/16,Cleveland Cavaliers,113,Toronto Raptors,87
05/28/16,Golden State Warriors,108,Oklahoma City Thunder,101
05/30/16,Oklahoma City Thunder,88,Golden State Warriors,96
06/02/16,Cleveland Cavaliers,89,Golden State Warriors,104
06/05/16,Cleveland Cavaliers,77,Golden State Warriors,110
06/08/16,Golden State Warriors,90,Cleveland Cavaliers,120
06/10/16,Golden State Warriors,108,Cleveland Cavaliers,97
06/13/16,Cleveland Cavaliers,112,Golden State Warriors,97
06/16/16,Golden State Warriors,101,Cleveland Cavaliers,115
06/19/16,Cleveland Cavaliers,93,Golden State Warriors,89
